{"stats":{"minecraft:picked_up":{"minecraft:crafting_table":8,"minecraft:wheat":7,"minecraft:chicken":1,"minecraft:brown_mushroom":1,"farmersdelight:tomato_sauce":4,"minecraft:raw_copper":6,"minecraft:string":55,"minecraft:cooked_salmon":10,"minecraft:pufferfish":1,"minecraft:cobbled_deepslate":72,"minecraft:beef":6,"farmersdelight:straw":4,"minecraft:furnace":2,"minecraft:tipped_arrow":1,"minecraft:raw_iron":32,"minecraft:stick":8,"quark:glow_shroom_ring":1,"farmersdelight:rotten_tomato":1,"minecraft:torch":25,"farmersdelight:tomato_seeds":2,"minecraft:diorite":2,"minecraft:carrot":1,"minecraft:redstone":95,"quark:blossom_planks":4,"minecraft:stone_sword":1,"minecraft:arrow":6,"minecraft:rotten_flesh":12,"alexscaves:spelunkery_table":2,"artifacts:cross_necklace":2,"minecraft:saddle":1,"minecraft:mutton":2,"minecraft:bone_block":18,"minecraft:rail":2,"minecraft:snowball":50,"minecraft:white_wool":2,"minecraft:cobblestone":42,"minecraft:stripped_oak_log":3,"minecraft:feather":5,"farmersdelight:rice":1,"minecraft:salmon":36,"minecraft:andesite":5,"minecraft:leather":5,"minecraft:golden_leggings":1,"minecraft:potato":62,"minecraft:flint":2,"minecraft:tuff":16,"minecraft:gunpowder":2,"minecraft:lapis_lazuli":99,"minecraft:dirt":15,"minecraft:bone":7,"farmersdelight:iron_knife":1,"minecraft:bow":1,"minecraft:wheat_seeds":21,"minecraft:raw_gold":19,"quark:glow_shroom":12,"minecraft:oak_planks":41,"minecraft:book":6,"minecraft:sweet_berries":24,"quark:shale":1,"minecraft:gravel":6,"minecraft:sand":7,"minecraft:spruce_sapling":20,"quark:glow_lichen_growth":1,"minecraft:spruce_log":65,"quark:oak_chest":1,"minecraft:spider_eye":4,"minecraft:diamond":1,"minecraft:spruce_boat":1,"minecraft:granite":1,"minecraft:bone_meal":4,"minecraft:bread":6,"minecraft:baked_potato":30,"alexsmobs:maggot":2,"farmersdelight:cooked_salmon_slice":4,"minecraft:coal":79},"minecraft:broken":{"minecraft:wooden_shovel":1,"minecraft:stone_sword":1,"minecraft:wooden_axe":1},"minecraft:crafted":{"minecraft:cooked_chicken":2,"minecraft:furnace":1,"minecraft:bone_meal":12,"minecraft:cooked_mutton":10,"minecraft:bow":2,"minecraft:iron_axe":1,"minecraft:stone_pickaxe":1,"farmersdelight:tomato_sauce":16,"quark:spruce_chest":2,"minecraft:cooked_beef":4,"minecraft:wooden_shovel":1,"minecraft:cooked_porkchop":10,"minecraft:crafting_table":2,"minecraft:spruce_planks":144,"minecraft:wooden_pickaxe":1,"minecraft:iron_helmet":1,"minecraft:iron_sword":1,"minecraft:cooked_salmon":25,"minecraft:stone_axe":1,"minecraft:bread":2,"farmersdelight:beef_patty":4,"minecraft:air":0,"minecraft:iron_chestplate":1,"minecraft:charcoal":2,"minecraft:shield":1,"minecraft:stick":56,"quark:oak_chest":1,"minecraft:iron_ingot":34,"minecraft:iron_pickaxe":1,"minecraft:wooden_axe":1,"minecraft:stone_sword":1,"minecraft:iron_leggings":1,"minecraft:white_bed":2,"minecraft:torch":140},"minecraft:killed":{"minecraft:cave_spider":1,"minecraft:spider":4,"alexsmobs:seagull":2,"minecraft:skeleton":4,"minecraft:chicken":1,"alexsmobs:grizzly_bear":2,"minecraft:salmon":43,"minecraft:creeper":2,"minecraft:sheep":2,"alexsmobs:cockroach":1,"minecraft:zombie":29,"minecraft:stray":2,"alexsmobs:fly":1,"minecraft:cow":3},"minecraft:dropped":{"minecraft:iron_ingot":4,"farmersdelight:iron_knife":1,"quark:glow_shroom":12,"minecraft:baked_potato":1,"minecraft:cobblestone":12,"minecraft:book":1,"minecraft:granite":1,"minecraft:coal":26,"minecraft:pufferfish":1,"minecraft:dirt":7,"minecraft:diorite":1,"minecraft:torch":22,"minecraft:cooked_salmon":18,"minecraft:bone_meal":2,"farmersdelight:cooked_salmon_slice":2,"minecraft:birch_log":1,"minecraft:spruce_sapling":1,"minecraft:stone_sword":1,"minecraft:cobbled_deepslate":6,"minecraft:tuff":4,"farmersdelight:straw":2,"minecraft:spruce_boat":1,"minecraft:andesite":3,"artifacts:cross_necklace":2,"minecraft:spruce_log":12,"minecraft:bow":2,"minecraft:beef":2,"minecraft:stone_pickaxe":1},"minecraft:used":{"minecraft:stone_sword":89,"quark:shale":1,"minecraft:spruce_planks":74,"minecraft:iron_sword":131,"minecraft:wooden_shovel":60,"minecraft:cooked_salmon":15,"minecraft:cooked_chicken":1,"minecraft:rotten_flesh":1,"minecraft:torch":103,"minecraft:dirt":6,"minecraft:carrot":1,"minecraft:snowball":38,"farmersdelight:rope":1,"farmersdelight:beef_patty":4,"minecraft:wooden_axe":43,"quark:spruce_chest":2,"minecraft:iron_axe":114,"farmersdelight:rotten_tomato":1,"alexscaves:spelunkery_table":2,"farmersdelight:tomato_sauce":20,"minecraft:bow":8,"minecraft:sweet_berries":16,"minecraft:furnace":3,"tombstone:gift":2,"minecraft:potato":30,"minecraft:cooked_beef":4,"farmersdelight:tomato_seeds":2,"minecraft:cobbled_deepslate":3,"minecraft:wheat_seeds":7,"minecraft:cooked_mutton":10,"minecraft:diorite":1,"minecraft:baked_potato":13,"minecraft:stone_pickaxe":38,"minecraft:wooden_pickaxe":29,"minecraft:salmon":2,"minecraft:glow_berries":1,"minecraft:sand":6,"minecraft:crafting_table":9,"minecraft:white_bed":2,"minecraft:spruce_log":12,"minecraft:bread":9,"minecraft:iron_pickaxe":254,"minecraft:gravel":1,"minecraft:spruce_sapling":4,"minecraft:stone_axe":63,"minecraft:cooked_porkchop":10,"quark:oak_chest":2,"alexsmobs:animal_dictionary":5,"minecraft:stripped_oak_log":2,"minecraft:bone_meal":14},"minecraft:mined":{"alexscaves:spelunkery_table":2,"minecraft:tuff":15,"minecraft:mossy_cobblestone":5,"minecraft:deepslate_diamond_ore":1,"minecraft:grass_block":25,"farmersdelight:tomatoes":2,"minecraft:spruce_leaves":12,"minecraft:spawner":1,"minecraft:large_fern":2,"minecraft:redstone_ore":4,"minecraft:furnace":2,"minecraft:iron_ore":23,"minecraft:cobbled_deepslate":11,"minecraft:snow":43,"minecraft:andesite":5,"quark:blossom_planks":4,"treechop:chopped_log":7,"minecraft:deepslate_lapis_ore":15,"minecraft:potatoes":27,"minecraft:bookshelf":2,"minecraft:deepslate_iron_ore":12,"minecraft:rail":2,"minecraft:stripped_oak_log":3,"minecraft:packed_ice":4,"minecraft:stone":37,"minecraft:deepslate_redstone_ore":17,"minecraft:brown_mushroom":1,"quark:oak_chest":1,"minecraft:crafting_table":9,"minecraft:torch":7,"minecraft:tall_grass":3,"minecraft:deepslate_gold_ore":19,"minecraft:oak_planks":43,"minecraft:diorite":2,"minecraft:wall_torch":5,"minecraft:wheat":7,"minecraft:sweet_berry_bush":1,"minecraft:ice":2,"minecraft:spruce_log":19,"quark:glow_shroom":14,"minecraft:grass":15,"minecraft:coal_ore":62,"minecraft:gravel":6,"minecraft:sand":9,"minecraft:dirt":27,"minecraft:cobweb":52,"minecraft:deepslate":64,"minecraft:fern":1},"minecraft:custom":{"minecraft:interact_with_smithing_table":1,"minecraft:mob_kills":97,"minecraft:interact_with_crafting_table":38,"minecraft:open_barrel":5,"minecraft:damage_dealt_resisted":295,"minecraft:leave_game":2,"minecraft:time_since_death":262940,"minecraft:climb_one_cm":258,"minecraft:sprint_one_cm":250660,"minecraft:walk_one_cm":1280124,"minecraft:drop":58,"minecraft:damage_dealt_absorbed":40,"minecraft:play_time":262940,"minecraft:sneak_time":3611,"minecraft:walk_under_water_one_cm":103777,"minecraft:boat_one_cm":11631,"minecraft:jump":2691,"minecraft:walk_on_water_one_cm":55784,"minecraft:total_world_time":262940,"minecraft:interact_with_furnace":111,"minecraft:interact_with_loom":13,"minecraft:interact_with_stonecutter":2,"minecraft:sleep_in_bed":4,"minecraft:time_since_rest":55755,"minecraft:damage_taken":5010,"minecraft:damage_dealt":10740,"minecraft:swim_one_cm":34477,"minecraft:fly_one_cm":303105,"minecraft:open_chest":83,"minecraft:crouch_one_cm":6047,"tombstone:undead_killed":35,"minecraft:interact_with_smoker":3,"minecraft:fall_one_cm":42137}},"DataVersion":3465}