{"stats":{"minecraft:crafted":{"minecraft:wooden_sword":2,"minecraft:cooked_porkchop":1,"minecraft:crafting_table":2,"minecraft:spruce_planks":210,"minecraft:wooden_pickaxe":1,"minecraft:spruce_door":3,"minecraft:furnace":1,"minecraft:cooked_salmon":4,"minecraft:copper_ingot":23,"minecraft:cooked_mutton":2,"minecraft:stick":16,"minecraft:stone_pickaxe":1,"minecraft:wooden_axe":3,"minecraft:stone_sword":1,"minecraft:spruce_boat":4},"minecraft:custom":{"minecraft:interact_with_furnace":22,"minecraft:mob_kills":6,"minecraft:interact_with_crafting_table":18,"minecraft:leave_game":1,"minecraft:time_since_death":19041,"minecraft:sleep_in_bed":5,"minecraft:climb_one_cm":28,"minecraft:time_since_rest":15489,"minecraft:sprint_one_cm":262322,"minecraft:damage_taken":2578,"minecraft:walk_one_cm":470146,"minecraft:drop":24,"minecraft:damage_dealt":968,"minecraft:swim_one_cm":11479,"minecraft:fly_one_cm":71084,"minecraft:open_chest":10,"minecraft:crouch_one_cm":3612,"minecraft:play_time":124734,"tombstone:undead_killed":5,"minecraft:deaths":9,"minecraft:sneak_time":836,"minecraft:walk_under_water_one_cm":20981,"minecraft:boat_one_cm":168635,"minecraft:jump":1231,"minecraft:walk_on_water_one_cm":32638,"minecraft:total_world_time":124734,"minecraft:fall_one_cm":17518},"minecraft:picked_up":{"minecraft:birch_log":10,"minecraft:crafting_table":1,"minecraft:andesite":1,"minecraft:oak_log":6,"minecraft:dirt":5,"minecraft:raw_copper":116,"minecraft:cooked_salmon":2,"minecraft:wooden_sword":1,"minecraft:leather_boots":1,"minecraft:bone":2,"minecraft:bow":2,"minecraft:spruce_planks":2,"minecraft:stone_pickaxe":4,"minecraft:sugar_cane":3,"minecraft:birch_sapling":3,"minecraft:oak_planks":3,"minecraft:stick":22,"minecraft:oak_fence":2,"minecraft:sand":7,"minecraft:spruce_sapling":25,"minecraft:diorite":1,"minecraft:spruce_log":77,"alexsmobs:animal_dictionary":3,"quark:blossom_planks":15,"minecraft:stone_sword":2,"minecraft:arrow":2,"minecraft:rotten_flesh":2,"minecraft:spruce_boat":1,"minecraft:granite":1,"alexsmobs:maggot":1,"minecraft:baked_potato":1,"minecraft:oak_sapling":1,"minecraft:snowball":17,"minecraft:rail":1,"minecraft:cobblestone":55},"minecraft:mined":{"minecraft:spruce_planks":2,"minecraft:glow_lichen":1,"minecraft:granite":1,"minecraft:grass_block":5,"minecraft:copper_ore":35,"minecraft:cobblestone":5,"minecraft:spruce_leaves":21,"minecraft:sugar_cane":1,"minecraft:oak_planks":3,"minecraft:diorite":1,"minecraft:birch_log":1,"minecraft:ice":1,"minecraft:blue_ice":1,"minecraft:spruce_log":23,"minecraft:andesite":1,"quark:blossom_planks":2,"treechop:chopped_log":12,"minecraft:oak_log":1,"minecraft:sand":7,"minecraft:packed_ice":8,"minecraft:stone":54},"minecraft:broken":{"minecraft:leather_boots":1,"minecraft:wooden_axe":1},"minecraft:dropped":{"minecraft:oak_log":6,"minecraft:stone_sword":2,"alexsmobs:animal_dictionary":3,"minecraft:raw_copper":52,"minecraft:cobblestone":2,"minecraft:dirt":1,"minecraft:spruce_boat":2,"tombstone:grave_key":1,"minecraft:oak_sapling":1,"minecraft:wooden_sword":1,"minecraft:bow":1,"minecraft:stone_pickaxe":3,"minecraft:spruce_sapling":8},"minecraft:used":{"minecraft:stone_sword":44,"minecraft:spruce_door":2,"minecraft:stone_pickaxe":86,"minecraft:baked_potato":1,"minecraft:spruce_planks":8,"minecraft:wooden_pickaxe":13,"minecraft:cooked_salmon":4,"minecraft:crafting_table":2,"minecraft:spruce_boat":3,"minecraft:wooden_axe":93,"minecraft:bread":1,"minecraft:birch_sapling":3,"minecraft:wooden_sword":6,"minecraft:cobblestone":39,"minecraft:furnace":1,"minecraft:cooked_porkchop":1,"quark:blossom_planks":2},"minecraft:killed":{"minecraft:salmon":1,"minecraft:skeleton":1,"minecraft:zombie":4}},"DataVersion":3465}