{"stats":{"minecraft:picked_up":{"minecraft:crafting_table":1,"minecraft:feather":10,"minecraft:chicken":8,"minecraft:leather":16,"alexsmobs:bear_fur":2,"minecraft:tuff":12,"minecraft:gunpowder":1,"minecraft:dirt":80,"minecraft:string":4,"minecraft:cooked_salmon":2,"minecraft:bone":1,"minecraft:wheat_seeds":14,"minecraft:cobbled_deepslate":24,"minecraft:spruce_planks":51,"minecraft:beef":17,"minecraft:iron_sword":1,"minecraft:egg":33,"minecraft:stick":2,"minecraft:raw_iron":23,"minecraft:sweet_berries":95,"minecraft:torch":1,"minecraft:raw_iron_block":1,"minecraft:sand":24,"minecraft:porkchop":2,"quark:deepslate_furnace":1,"minecraft:spruce_sapling":5,"minecraft:spruce_log":18,"minecraft:arrow":2,"minecraft:rotten_flesh":3,"minecraft:bone_meal":1,"minecraft:gray_wool":1,"alexsmobs:maggot":2,"minecraft:black_wool":1,"minecraft:mutton":6,"minecraft:white_wool":2},"minecraft:used":{"minecraft:stone_sword":4,"minecraft:polished_deepslate":14,"minecraft:stone_pickaxe":55,"minecraft:baked_potato":3,"minecraft:wooden_pickaxe":3,"minecraft:spruce_planks":18,"minecraft:shield":6,"minecraft:cooked_salmon":1,"minecraft:cooked_chicken":4,"minecraft:dirt":78,"minecraft:sand":16,"minecraft:crafting_table":1,"minecraft:tuff":3,"quark:deepslate_furnace":1,"minecraft:iron_axe":31,"minecraft:iron_pickaxe":1,"minecraft:spruce_sapling":4,"minecraft:stone_axe":2,"minecraft:sweet_berries":85,"minecraft:cooked_porkchop":2,"alexsmobs:animal_dictionary":2,"minecraft:egg":5,"minecraft:cobbled_deepslate":7,"minecraft:bone_meal":1},"minecraft:killed":{"alexsmobs:snow_leopard":3,"minecraft:creeper":1,"minecraft:sheep":4,"minecraft:zombie":2,"minecraft:cow":4},"minecraft:dropped":{"minecraft:iron_sword":1,"minecraft:sweet_berries":1,"minecraft:feather":10,"minecraft:rotten_flesh":3,"minecraft:leather":6,"minecraft:dirt":1,"minecraft:arrow":2},"minecraft:custom":{"minecraft:interact_with_furnace":45,"minecraft:mob_kills":14,"minecraft:animals_bred":8,"minecraft:interact_with_crafting_table":10,"minecraft:interact_with_loom":1,"minecraft:leave_game":11,"minecraft:time_since_death":103179,"minecraft:sleep_in_bed":4,"minecraft:time_since_rest":1388,"minecraft:sprint_one_cm":149218,"minecraft:damage_taken":1831,"minecraft:walk_one_cm":277835,"minecraft:damage_blocked_by_shield":510,"minecraft:drop":13,"minecraft:damage_dealt":2856,"minecraft:fly_one_cm":236110,"minecraft:open_chest":29,"minecraft:crouch_one_cm":32896,"minecraft:play_time":117601,"tombstone:undead_killed":2,"minecraft:deaths":2,"minecraft:sneak_time":13326,"minecraft:walk_under_water_one_cm":140,"minecraft:jump":1637,"minecraft:walk_on_water_one_cm":13623,"minecraft:total_world_time":117601,"minecraft:fall_one_cm":32784},"minecraft:mined":{"minecraft:tuff":13,"minecraft:spruce_planks":1,"minecraft:crafting_table":1,"minecraft:grass_block":54,"minecraft:tall_grass":15,"minecraft:spruce_leaves":11,"minecraft:raw_iron_block":1,"minecraft:sweet_berry_bush":6,"minecraft:spruce_log":1,"treechop:chopped_log":3,"quark:deepslate_furnace":1,"minecraft:grass":50,"minecraft:deepslate_iron_ore":23,"minecraft:sand":25,"minecraft:dirt":28,"minecraft:cobweb":4,"minecraft:deepslate":21},"minecraft:crafted":{"minecraft:raw_iron":9,"sophisticatedbackpacks:backpack":1,"minecraft:cooked_porkchop":2,"minecraft:crafting_table":1,"minecraft:spruce_planks":72,"minecraft:iron_helmet":1,"minecraft:wooden_pickaxe":1,"minecraft:baked_potato":3,"minecraft:cooked_chicken":4,"minecraft:stone_axe":1,"quark:deepslate_furnace":1,"minecraft:air":0,"minecraft:iron_boots":1,"minecraft:iron_chestplate":1,"minecraft:shield":1,"minecraft:iron_axe":1,"minecraft:stick":8,"minecraft:iron_ingot":32,"minecraft:iron_pickaxe":1,"minecraft:stone_pickaxe":1,"minecraft:iron_leggings":1,"quark:spruce_chest":1}},"DataVersion":3465}