{"stats":{"minecraft:picked_up":{"minecraft:crafting_table":10,"minecraft:chicken":1,"minecraft:smithing_table":1,"minecraft:diamond_sword":1,"farmersdelight:rice_panicle":1,"minecraft:enchanted_book":1,"farmersdelight:cutting_board":1,"minecraft:string":14,"minecraft:raw_copper":18,"minecraft:pufferfish":2,"minecraft:cobbled_deepslate":100,"minecraft:spruce_planks":11,"minecraft:beef":1,"minecraft:furnace":11,"minecraft:egg":1,"minecraft:stick":9,"minecraft:raw_iron":46,"quark:glow_shroom_ring":8,"farmersdelight:rotten_tomato":1,"minecraft:torch":26,"minecraft:bowl":1,"minecraft:porkchop":8,"farmersdelight:tomato_seeds":11,"minecraft:carrot":7,"minecraft:redstone":209,"minecraft:stone_sword":1,"minecraft:arrow":1,"minecraft:rotten_flesh":18,"minecraft:shears":1,"artifacts:cross_necklace":1,"farmersdelight:rope":1,"tombstone:essence_of_undeath":1,"minecraft:cod":8,"minecraft:snowball":20,"minecraft:cobblestone":69,"minecraft:andesite":1,"minecraft:salmon":2,"minecraft:smoker":3,"minecraft:potato":1,"minecraft:flint":2,"minecraft:tuff":15,"minecraft:lapis_lazuli":122,"farmersdelight:tomato":105,"minecraft:dirt":30,"minecraft:white_banner":1,"tombstone:gift":1,"minecraft:bone":2,"minecraft:wheat_seeds":1,"minecraft:raw_gold":35,"quark:glow_shroom":9,"minecraft:iron_ingot":1,"minecraft:cobweb":63,"tombstone:bag_of_seeds":1,"minecraft:iron_sword":3,"minecraft:sweet_berries":98,"quark:shale":11,"minecraft:gravel":19,"minecraft:spruce_sapling":11,"minecraft:spruce_log":46,"minecraft:spider_eye":2,"minecraft:diamond":16,"minecraft:crossbow":1,"minecraft:baked_potato":15,"minecraft:coal":243},"minecraft:used":{"minecraft:stone_sword":30,"minecraft:spruce_planks":15,"minecraft:shield":16,"minecraft:iron_sword":103,"minecraft:cooked_salmon":6,"minecraft:cooked_chicken":1,"minecraft:rotten_flesh":17,"minecraft:torch":15,"minecraft:dirt":60,"minecraft:carrot":1,"minecraft:snowball":8,"farmersdelight:beef_patty":2,"minecraft:wooden_axe":14,"minecraft:lava_bucket":1,"minecraft:iron_axe":28,"farmersdelight:cooked_salmon_slice":1,"farmersdelight:rotten_tomato":1,"farmersdelight:tomato_sauce":30,"farmersdelight:cutting_board":1,"minecraft:sweet_berries":1,"minecraft:cooked_cod":8,"minecraft:furnace":11,"tombstone:gift":4,"farmersdelight:tomato_seeds":11,"minecraft:potato":1,"minecraft:cooked_beef":1,"quark:glow_shroom_ring":1,"minecraft:cobbled_deepslate":90,"minecraft:wheat_seeds":1,"minecraft:water_bucket":29,"minecraft:baked_potato":13,"minecraft:stone_pickaxe":118,"minecraft:wooden_pickaxe":7,"minecraft:crafting_table":10,"minecraft:crossbow":1,"minecraft:smoker":1,"minecraft:shears":64,"minecraft:iron_pickaxe":415,"minecraft:melon_slice":6,"minecraft:bread":1,"minecraft:gravel":15,"minecraft:spruce_sapling":1,"minecraft:pufferfish":1,"minecraft:stone_axe":24,"minecraft:diamond_sword":5,"minecraft:fishing_rod":21,"minecraft:cobblestone":45,"minecraft:white_banner":1,"minecraft:cooked_porkchop":6,"minecraft:bucket":31,"alexsmobs:animal_dictionary":1,"minecraft:cobweb":15},"minecraft:killed":{"minecraft:cave_spider":4,"minecraft:spider":2,"quark:toretoise":1,"minecraft:chicken":1,"alexsmobs:tusklin":3,"minecraft:creeper":1,"minecraft:polar_bear":1,"minecraft:pillager":4,"minecraft:zombie":12,"alexsmobs:cockroach":1},"minecraft:dropped":{"minecraft:iron_sword":1,"minecraft:baked_potato":10,"minecraft:cobblestone":8,"minecraft:leather":3,"minecraft:coal":25,"minecraft:pufferfish":1,"tombstone:bag_of_seeds":1,"minecraft:torch":19,"minecraft:cooked_salmon":2,"tombstone:grave_dust":1,"minecraft:string":8,"minecraft:redstone":90,"minecraft:gravel":19,"minecraft:stone_sword":1,"minecraft:cobbled_deepslate":9,"minecraft:raw_copper":18,"minecraft:bowl":6,"minecraft:tuff":15,"minecraft:wheat":1,"farmersdelight:tomato_sauce":4,"minecraft:shears":2,"minecraft:spruce_planks":7,"minecraft:andesite":1,"minecraft:spider_eye":2,"minecraft:arrow":1,"minecraft:egg":1},"minecraft:custom":{"minecraft:interact_with_smithing_table":1,"minecraft:interact_with_anvil":1,"minecraft:mob_kills":30,"minecraft:interact_with_crafting_table":35,"minecraft:open_barrel":9,"minecraft:leave_game":11,"minecraft:time_since_death":139412,"minecraft:sprint_one_cm":345715,"minecraft:walk_one_cm":301236,"minecraft:damage_blocked_by_shield":1230,"minecraft:drop":48,"minecraft:play_time":184592,"minecraft:deaths":3,"minecraft:sneak_time":18948,"minecraft:walk_under_water_one_cm":1785,"minecraft:jump":2315,"minecraft:walk_on_water_one_cm":6135,"minecraft:total_world_time":184592,"minecraft:interact_with_furnace":88,"tombstone:raider_killed":4,"minecraft:interact_with_loom":3,"minecraft:interact_with_stonecutter":1,"minecraft:sleep_in_bed":7,"minecraft:time_since_rest":2398,"minecraft:damage_taken":4070,"minecraft:damage_dealt":7242,"minecraft:swim_one_cm":1716,"minecraft:fly_one_cm":487065,"minecraft:open_chest":44,"minecraft:crouch_one_cm":29327,"tombstone:undead_killed":12,"minecraft:interact_with_smoker":8,"minecraft:fish_caught":9,"minecraft:fall_one_cm":52795},"minecraft:mined":{"minecraft:tuff":27,"minecraft:spruce_planks":11,"quark:shale":8,"minecraft:deepslate_diamond_ore":16,"quark:glow_shroom_stem":7,"minecraft:grass_block":5,"farmersdelight:tomatoes":11,"minecraft:spruce_leaves":13,"minecraft:spawner":1,"minecraft:furnace":11,"minecraft:iron_ore":37,"minecraft:cobbled_deepslate":3,"minecraft:andesite":1,"treechop:chopped_log":6,"minecraft:deepslate_lapis_ore":23,"minecraft:potatoes":1,"farmersdelight:rope":1,"minecraft:deepslate_iron_ore":9,"minecraft:stone":63,"minecraft:smithing_table":1,"minecraft:deepslate_redstone_ore":37,"minecraft:smoker":3,"minecraft:crafting_table":10,"minecraft:torch":3,"quark:glow_shroom_block":11,"minecraft:cobblestone":2,"minecraft:deepslate_gold_ore":35,"minecraft:wall_torch":5,"farmersdelight:cutting_board":1,"minecraft:wheat":1,"minecraft:sweet_berry_bush":3,"minecraft:ice":3,"minecraft:spruce_log":11,"quark:glow_shroom":6,"minecraft:coal_ore":110,"minecraft:gravel":27,"minecraft:dirt":12,"minecraft:cobweb":73,"quark:glow_shroom_ring":1,"minecraft:deepslate":139,"minecraft:fern":1},"minecraft:crafted":{"minecraft:fishing_rod":1,"minecraft:cooked_chicken":1,"minecraft:furnace":1,"minecraft:iron_boots":1,"minecraft:iron_axe":1,"minecraft:stone_pickaxe":1,"farmersdelight:tomato_sauce":9,"quark:spruce_chest":1,"minecraft:cooked_beef":1,"minecraft:cooked_cod":8,"sophisticatedbackpacks:backpack":1,"minecraft:cooked_porkchop":7,"minecraft:crafting_table":1,"minecraft:spruce_planks":96,"minecraft:iron_helmet":1,"minecraft:baked_potato":10,"minecraft:wooden_pickaxe":1,"minecraft:iron_sword":1,"minecraft:bowl":12,"minecraft:cooked_salmon":8,"minecraft:bucket":1,"minecraft:stone_axe":1,"farmersdelight:beef_patty":2,"minecraft:bread":1,"minecraft:air":0,"minecraft:iron_chestplate":1,"minecraft:diamond_pickaxe":1,"minecraft:shield":1,"minecraft:stick":36,"minecraft:iron_ingot":54,"minecraft:iron_pickaxe":3,"minecraft:wooden_axe":1,"minecraft:stone_sword":1,"minecraft:iron_leggings":1,"minecraft:torch":16,"minecraft:shears":1}},"DataVersion":3465}