{"stats":{"minecraft:picked_up":{"minecraft:crafting_table":10,"minecraft:chicken":1,"minecraft:smithing_table":1,"minecraft:diamond_sword":2,"farmersdelight:rice_panicle":1,"minecraft:enchanted_book":1,"farmersdelight:cutting_board":1,"minecraft:string":14,"minecraft:raw_copper":18,"minecraft:pufferfish":2,"minecraft:cobbled_deepslate":100,"farmersdelight:cabbage":1,"minecraft:spruce_planks":13,"minecraft:beef":1,"farmersdelight:cabbage_seeds":1,"minecraft:furnace":11,"minecraft:egg":1,"minecraft:stick":9,"minecraft:raw_iron":46,"quark:glow_shroom_ring":8,"farmersdelight:rotten_tomato":4,"minecraft:torch":27,"minecraft:bowl":1,"quark:blossom_log":20,"minecraft:porkchop":8,"farmersdelight:tomato_seeds":11,"minecraft:carrot":142,"minecraft:redstone":209,"minecraft:stone_sword":1,"farmersdelight:fried_egg":2,"minecraft:arrow":1,"minecraft:rotten_flesh":19,"minecraft:shears":1,"artifacts:cross_necklace":1,"farmersdelight:rope":1,"tombstone:essence_of_undeath":1,"minecraft:cod":8,"minecraft:snowball":20,"minecraft:cobblestone":69,"minecraft:andesite":1,"minecraft:salmon":2,"minecraft:smoker":3,"minecraft:potato":1,"minecraft:flint":2,"minecraft:tuff":15,"farmersdelight:skillet":1,"minecraft:lapis_lazuli":122,"farmersdelight:tomato":203,"minecraft:dirt":31,"minecraft:white_banner":1,"tombstone:gift":1,"minecraft:bone":4,"minecraft:wheat_seeds":1,"minecraft:raw_gold":35,"minecraft:iron_ingot":1,"quark:glow_shroom":9,"minecraft:cobweb":63,"tombstone:bag_of_seeds":1,"minecraft:iron_sword":4,"quark:blue_blossom_sapling":2,"minecraft:sweet_berries":98,"quark:shale":11,"minecraft:gravel":19,"minecraft:sand":17,"minecraft:spruce_sapling":11,"minecraft:spruce_log":46,"minecraft:spider_eye":2,"minecraft:diamond":16,"minecraft:crossbow":1,"minecraft:baked_potato":15,"minecraft:coal":243},"minecraft:used":{"minecraft:stone_sword":30,"minecraft:spruce_planks":43,"minecraft:shield":16,"minecraft:iron_sword":120,"minecraft:cooked_salmon":6,"minecraft:cooked_chicken":1,"minecraft:rotten_flesh":17,"minecraft:torch":16,"minecraft:dirt":61,"minecraft:carrot":41,"minecraft:snowball":8,"farmersdelight:beef_patty":2,"minecraft:wooden_axe":14,"minecraft:lava_bucket":1,"minecraft:iron_axe":42,"farmersdelight:cooked_salmon_slice":2,"farmersdelight:rotten_tomato":1,"farmersdelight:tomato_sauce":30,"farmersdelight:cutting_board":1,"minecraft:sweet_berries":2,"minecraft:cooked_cod":8,"minecraft:furnace":11,"tombstone:gift":4,"farmersdelight:tomato_seeds":11,"minecraft:potato":1,"minecraft:cooked_beef":1,"quark:glow_shroom_ring":1,"minecraft:cobbled_deepslate":90,"minecraft:enchanted_golden_apple":1,"minecraft:wheat_seeds":1,"minecraft:water_bucket":30,"farmersdelight:skillet":1,"minecraft:baked_potato":13,"minecraft:stone_pickaxe":118,"minecraft:wooden_pickaxe":7,"minecraft:crafting_table":11,"minecraft:crossbow":1,"minecraft:smoker":1,"minecraft:shears":64,"minecraft:diamond_pickaxe":17,"minecraft:iron_pickaxe":415,"minecraft:melon_slice":6,"minecraft:bread":1,"minecraft:gravel":15,"minecraft:spruce_sapling":1,"minecraft:pufferfish":1,"minecraft:stone_axe":24,"minecraft:diamond_sword":5,"minecraft:fishing_rod":24,"minecraft:cobblestone":45,"minecraft:white_banner":1,"minecraft:cooked_porkchop":6,"minecraft:bucket":32,"alexsmobs:animal_dictionary":1,"minecraft:cobweb":15},"minecraft:killed":{"minecraft:cave_spider":4,"minecraft:spider":2,"quark:toretoise":1,"minecraft:chicken":1,"alexsmobs:tusklin":3,"minecraft:creeper":1,"minecraft:polar_bear":1,"minecraft:pillager":4,"minecraft:zombie":12,"alexsmobs:cockroach":1},"minecraft:dropped":{"minecraft:iron_sword":2,"minecraft:baked_potato":10,"minecraft:cobblestone":8,"minecraft:leather":3,"minecraft:coal":25,"minecraft:pufferfish":1,"tombstone:bag_of_seeds":1,"minecraft:torch":19,"minecraft:cooked_salmon":2,"tombstone:grave_dust":1,"minecraft:string":8,"minecraft:redstone":90,"minecraft:gravel":19,"minecraft:stone_sword":1,"minecraft:cobbled_deepslate":9,"minecraft:raw_copper":18,"minecraft:bowl":6,"minecraft:tuff":15,"minecraft:wheat":1,"farmersdelight:tomato_sauce":4,"minecraft:shears":2,"farmersdelight:fried_egg":2,"minecraft:spruce_planks":7,"minecraft:andesite":1,"minecraft:spider_eye":2,"minecraft:arrow":1,"minecraft:egg":1},"minecraft:custom":{"minecraft:interact_with_smithing_table":1,"minecraft:interact_with_anvil":1,"minecraft:mob_kills":30,"minecraft:interact_with_crafting_table":36,"minecraft:open_barrel":9,"minecraft:leave_game":14,"minecraft:time_since_death":189631,"minecraft:damage_resisted":1,"minecraft:sprint_one_cm":371712,"minecraft:walk_one_cm":364495,"minecraft:damage_blocked_by_shield":1230,"minecraft:drop":51,"minecraft:play_time":234811,"minecraft:deaths":3,"minecraft:sneak_time":20145,"minecraft:walk_under_water_one_cm":2556,"minecraft:jump":2493,"minecraft:walk_on_water_one_cm":6312,"minecraft:total_world_time":234811,"minecraft:interact_with_furnace":106,"tombstone:raider_killed":4,"minecraft:interact_with_loom":4,"minecraft:interact_with_stonecutter":1,"minecraft:sleep_in_bed":7,"minecraft:time_since_rest":52617,"minecraft:damage_taken":4248,"minecraft:damage_absorbed":3,"minecraft:damage_dealt":7385,"minecraft:swim_one_cm":9879,"minecraft:fly_one_cm":527003,"minecraft:open_chest":48,"minecraft:crouch_one_cm":32220,"tombstone:undead_killed":12,"minecraft:interact_with_smoker":8,"minecraft:fish_caught":9,"minecraft:fall_one_cm":55477},"minecraft:mined":{"minecraft:tuff":27,"minecraft:spruce_planks":13,"quark:shale":8,"minecraft:deepslate_diamond_ore":16,"quark:glow_shroom_stem":7,"minecraft:grass_block":5,"farmersdelight:tomatoes":11,"minecraft:spruce_leaves":13,"minecraft:spawner":1,"minecraft:furnace":11,"minecraft:carrots":32,"minecraft:iron_ore":37,"minecraft:cobbled_deepslate":3,"minecraft:andesite":1,"treechop:chopped_log":7,"minecraft:deepslate_lapis_ore":23,"minecraft:potatoes":1,"farmersdelight:rope":1,"minecraft:deepslate_iron_ore":9,"minecraft:stone":63,"minecraft:smithing_table":1,"minecraft:deepslate_redstone_ore":37,"minecraft:smoker":3,"minecraft:crafting_table":10,"minecraft:torch":4,"quark:glow_shroom_block":11,"minecraft:cobblestone":2,"minecraft:deepslate_gold_ore":35,"minecraft:wall_torch":5,"farmersdelight:skillet":1,"farmersdelight:cutting_board":1,"minecraft:wheat":1,"minecraft:sweet_berry_bush":3,"minecraft:ice":3,"minecraft:spruce_log":11,"quark:glow_shroom":6,"minecraft:coal_ore":110,"minecraft:gravel":27,"minecraft:sand":17,"minecraft:dirt":14,"minecraft:cobweb":73,"quark:glow_shroom_ring":1,"minecraft:deepslate":139,"minecraft:fern":1},"minecraft:crafted":{"minecraft:fishing_rod":1,"minecraft:cooked_chicken":1,"minecraft:furnace":1,"minecraft:enchanted_golden_apple":1,"minecraft:iron_boots":1,"minecraft:leather":39,"minecraft:iron_axe":1,"minecraft:stone_pickaxe":1,"farmersdelight:tomato_sauce":9,"quark:spruce_chest":1,"minecraft:cooked_beef":1,"minecraft:cooked_cod":8,"sophisticatedbackpacks:backpack":1,"minecraft:cooked_porkchop":7,"minecraft:crafting_table":1,"minecraft:spruce_planks":152,"minecraft:iron_helmet":1,"minecraft:baked_potato":10,"minecraft:wooden_pickaxe":1,"minecraft:iron_sword":1,"minecraft:bowl":12,"minecraft:cooked_salmon":8,"minecraft:bucket":1,"minecraft:stone_axe":1,"farmersdelight:beef_patty":2,"minecraft:bread":1,"minecraft:air":0,"minecraft:iron_chestplate":1,"minecraft:diamond_pickaxe":1,"minecraft:shield":1,"minecraft:stick":36,"minecraft:iron_ingot":65,"minecraft:iron_pickaxe":3,"minecraft:wooden_axe":1,"minecraft:stone_sword":1,"minecraft:iron_leggings":1,"minecraft:torch":16,"minecraft:shears":1}},"DataVersion":3465}