{"stats":{"minecraft:broken":{"minecraft:iron_shovel":2,"minecraft:wooden_shovel":4,"minecraft:stone_pickaxe":1,"minecraft:stone_axe":1,"minecraft:stone_shovel":2,"minecraft:stone_hoe":2,"minecraft:shield":1,"minecraft:iron_pickaxe":1},"minecraft:picked_up":{"minecraft:wooden_axe":1,"minecraft:iron_chestplate":1,"minecraft:wheat":111,"minecraft:creeper_head":1,"minecraft:anvil":1,"farmersdelight:rice_panicle":18,"minecraft:enchanted_book":1,"tombstone:grave_key":1,"farmersdelight:cutting_board":1,"minecraft:polished_deepslate":1,"minecraft:string":36,"minecraft:raw_copper":111,"minecraft:cooked_salmon":2,"minecraft:iron_leggings":1,"quark:blossom_door":2,"minecraft:cobbled_deepslate":72,"farmersdelight:cabbage":28,"minecraft:spruce_planks":26,"minecraft:cobblestone_slab":5,"minecraft:iron_pickaxe":1,"minecraft:melon_slice":7,"farmersdelight:cabbage_seeds":59,"minecraft:furnace":4,"minecraft:iron_boots":1,"minecraft:stick":26,"farmersdelight:rotten_tomato":12,"minecraft:torch":83,"minecraft:snow_block":22,"minecraft:porkchop":29,"tombstone:grave_dust":13,"minecraft:diorite":4,"farmersdelight:fried_egg":29,"minecraft:rotten_flesh":59,"farmersdelight:onion":46,"farmersdelight:rope":13,"minecraft:obsidian":4,"minecraft:cod":4,"minecraft:snowball":160,"alexsmobs:lobster_tail":4,"minecraft:cobblestone":100,"minecraft:birch_log":2,"minecraft:feather":11,"farmersdelight:rice":33,"minecraft:water_bucket":1,"minecraft:andesite":12,"minecraft:brown_wool":1,"minecraft:smoker":3,"minecraft:potato":199,"farmersdelight:bacon":30,"minecraft:tuff":10,"farmersdelight:cooked_bacon":14,"minecraft:magenta_bed":1,"minecraft:lapis_lazuli":29,"farmersdelight:tomato":197,"minecraft:dirt":492,"minecraft:leather_boots":3,"minecraft:bone":17,"farmersdelight:iron_knife":2,"minecraft:bow":5,"minecraft:wheat_seeds":206,"minecraft:raw_gold":32,"farmersdelight:pumpkin_slice":12,"minecraft:stone_hoe":1,"minecraft:oak_planks":7,"minecraft:cooked_porkchop":6,"quark:shale":1,"minecraft:sand":392,"farmersdelight:ham":1,"minecraft:barrel":1,"minecraft:bundle":1,"minecraft:diamond":10,"minecraft:spruce_boat":1,"minecraft:granite":2,"minecraft:bone_meal":18,"minecraft:bread":5,"alexsmobs:maggot":11,"minecraft:oak_sapling":1,"minecraft:diamond_pickaxe":1,"sophisticatedbackpacks:gold_backpack":1,"minecraft:charcoal":2,"minecraft:crafting_table":5,"minecraft:chicken":6,"minecraft:clay_ball":40,"minecraft:brown_mushroom":3,"minecraft:iron_axe":1,"quark:spruce_chest":2,"farmersdelight:beef_patty":1,"minecraft:beef":27,"farmersdelight:straw":21,"farmersdelight:cod_slice":8,"minecraft:poppy":4,"minecraft:spruce_slab":8,"minecraft:lectern":4,"minecraft:sugar_cane":56,"alexsmobs:cooked_lobster_tail":3,"minecraft:birch_sapling":4,"minecraft:egg":42,"minecraft:raw_iron":144,"farmersdelight:minced_beef":22,"minecraft:bowl":10,"minecraft:spruce_fence":1,"sophisticatedbackpacks:backpack":1,"farmersdelight:tomato_seeds":1,"minecraft:carrot":165,"minecraft:redstone":51,"minecraft:iron_horse_armor":1,"minecraft:arrow":28,"minecraft:stone_shovel":1,"minecraft:beetroot_seeds":1,"minecraft:shears":1,"alexscaves:spelunkery_table":1,"artifacts:cross_necklace":1,"minecraft:mutton":21,"minecraft:bone_block":8,"minecraft:rail":5,"minecraft:white_wool":13,"minecraft:salmon":8,"minecraft:leather":24,"minecraft:oak_log":1,"farmersdelight:salmon_slice":12,"minecraft:gunpowder":24,"minecraft:white_banner":1,"tombstone:gift":1,"farmersdelight:cooking_pot":1,"minecraft:apple":2,"minecraft:kelp":142,"minecraft:iron_ingot":5,"quark:glow_shroom":6,"minecraft:cooked_chicken":3,"minecraft:cobweb":4,"tombstone:bag_of_seeds":1,"minecraft:iron_sword":3,"minecraft:book":34,"minecraft:pumpkin":11,"minecraft:sweet_berries":39,"minecraft:dandelion":5,"minecraft:gravel":39,"tombstone:decorative_subaraki_grave":1,"minecraft:spruce_sapling":62,"minecraft:spruce_log":144,"minecraft:spruce_door":1,"minecraft:spider_eye":9,"farmersdelight:cabbage_leaf":34,"minecraft:infested_stone_bricks":32,"minecraft:pumpkin_seeds":4,"minecraft:stone_axe":2,"minecraft:iron_helmet":1,"minecraft:baked_potato":8,"tombstone:magic_scroll":2,"farmersdelight:cooked_salmon_slice":6,"minecraft:melon_seeds":8,"farmersdelight:stove":1,"minecraft:coal":236},"minecraft:used":{"minecraft:iron_shovel":500,"minecraft:polished_deepslate":23,"farmersdelight:cabbage_rolls":6,"minecraft:spruce_slab":12,"farmersdelight:cabbage_seeds":36,"minecraft:shield":51,"farmersdelight:stove":2,"farmersdelight:cabbage":1,"minecraft:iron_sword":235,"minecraft:farmland":1,"minecraft:iron_chestplate":1,"farmersdelight:cooked_cod_slice":3,"minecraft:carrot":86,"minecraft:snowball":1,"minecraft:grass_block":58,"alexsmobs:cooked_lobster_tail":1,"minecraft:birch_sapling":1,"farmersdelight:rotten_tomato":3,"farmersdelight:tomato_sauce":12,"farmersdelight:cutting_board":2,"minecraft:bow":18,"minecraft:sweet_berries":23,"minecraft:furnace":7,"minecraft:potato":49,"minecraft:diorite":1,"minecraft:spruce_door":1,"minecraft:stone_pickaxe":131,"minecraft:wooden_pickaxe":13,"minecraft:sandstone":18,"minecraft:composter":1,"minecraft:sugar_cane":9,"farmersdelight:pumpkin_slice":3,"minecraft:golden_apple":1,"minecraft:sand":34,"farmersdelight:rice":21,"minecraft:shears":2,"minecraft:pumpkin_seeds":10,"sophisticatedbackpacks:backpack":1,"minecraft:bread":7,"minecraft:lectern":4,"minecraft:gravel":4,"tombstone:decorative_subaraki_grave":2,"minecraft:grindstone":2,"farmersdelight:spruce_cabinet":1,"minecraft:andesite":4,"minecraft:ice":1,"minecraft:bone_meal":206,"minecraft:cobweb":4,"minecraft:enchanting_table":2,"minecraft:stone_sword":78,"minecraft:carved_pumpkin":1,"minecraft:stone_shovel":328,"minecraft:spruce_planks":3,"minecraft:wooden_shovel":242,"minecraft:cooked_salmon":1,"minecraft:stone_hoe":310,"minecraft:cooked_chicken":4,"quark:spruce_bookshelf":36,"minecraft:cut_copper_stairs":9,"minecraft:torch":157,"minecraft:dirt":347,"minecraft:anvil":1,"minecraft:spruce_fence":81,"farmersdelight:beef_patty":4,"minecraft:wooden_axe":27,"alexsmobs:maggot":3,"tombstone:ankh_of_pray":4,"quark:spruce_chest":6,"minecraft:iron_axe":150,"minecraft:melon_seeds":9,"alexscaves:spelunkery_table":1,"farmersdelight:cooking_pot":2,"tombstone:gift":6,"minecraft:cooked_beef":7,"farmersdelight:tomato_seeds":45,"minecraft:cobbled_deepslate":5,"minecraft:pumpkin":4,"minecraft:iron_leggings":1,"minecraft:wheat_seeds":166,"minecraft:cooked_mutton":8,"farmersdelight:iron_knife":22,"minecraft:water_bucket":32,"minecraft:dirt_path":43,"farmersdelight:skillet":1,"minecraft:baked_potato":35,"minecraft:stonecutter":1,"minecraft:cobblestone_slab":1,"minecraft:spruce_fence_gate":3,"minecraft:leather_boots":1,"farmersdelight:onion":48,"minecraft:rail":5,"minecraft:crafting_table":4,"minecraft:magenta_bed":1,"minecraft:white_bed":2,"minecraft:campfire":2,"minecraft:spruce_log":1,"minecraft:smoker":3,"tombstone:bag_of_seeds":1,"minecraft:diamond_pickaxe":4,"minecraft:apple":2,"quark:blossom_door":2,"minecraft:iron_pickaxe":345,"tombstone:magic_scroll":1,"minecraft:spruce_sapling":34,"minecraft:stone_axe":77,"minecraft:cobblestone":9,"minecraft:white_banner":1,"minecraft:cooked_porkchop":7,"minecraft:bucket":26,"alexsmobs:animal_dictionary":4,"minecraft:kelp":78},"minecraft:killed":{"alexsmobs:lobster":12,"minecraft:cave_spider":3,"minecraft:spider":10,"minecraft:cod":4,"minecraft:skeleton":13,"alexsmobs:orca":1,"alexsmobs:banana_slug":1,"minecraft:chicken":6,"artifacts:mimic":1,"minecraft:pig":12,"minecraft:salmon":6,"minecraft:creeper":3,"minecraft:sheep":12,"minecraft:zombie":49,"minecraft:stray":1,"alexsmobs:fly":4,"minecraft:cow":11,"alexsmobs:tusklin":1,"minecraft:bat":1},"minecraft:dropped":{"farmersdelight:iron_knife":1,"minecraft:iron_sword":1,"minecraft:cooked_porkchop":6,"minecraft:snowball":3,"minecraft:bone_meal":1,"farmersdelight:cooked_salmon_slice":6,"minecraft:birch_log":2,"minecraft:gravel":19,"minecraft:cooked_chicken":3,"minecraft:cobbled_deepslate":23,"minecraft:rotten_flesh":6,"minecraft:gunpowder":3,"minecraft:melon_seeds":7,"minecraft:leather_boots":3,"farmersdelight:rope":13,"minecraft:bread":11,"minecraft:wheat_seeds":1,"minecraft:granite":2,"quark:spruce_chest":1,"minecraft:diorite":3,"minecraft:torch":9,"minecraft:wooden_axe":1,"minecraft:cooked_salmon":3,"minecraft:pumpkin":4,"minecraft:dandelion":2,"farmersdelight:rotten_tomato":9,"minecraft:sweet_berries":3,"alexsmobs:maggot":6,"minecraft:raw_copper":16,"minecraft:tuff":10,"sophisticatedbackpacks:backpack":1,"minecraft:diamond_sword":1,"minecraft:andesite":8,"minecraft:oak_sapling":1,"minecraft:spider_eye":1,"minecraft:spruce_log":6,"artifacts:cross_necklace":1},"minecraft:custom":{"minecraft:interact_with_crafting_table":83,"minecraft:open_barrel":4,"minecraft:leave_game":32,"minecraft:time_since_death":38799,"minecraft:sprint_one_cm":688301,"minecraft:damage_blocked_by_shield":2670,"minecraft:drop":70,"minecraft:play_time":543884,"minecraft:deaths":4,"minecraft:jump":4660,"minecraft:walk_on_water_one_cm":58739,"minecraft:enchant_item":11,"minecraft:interact_with_furnace":174,"minecraft:interact_with_loom":3,"minecraft:sleep_in_bed":10,"minecraft:damage_dealt":20956,"minecraft:crouch_one_cm":16960,"tombstone:undead_killed":63,"minecraft:interact_with_smoker":25,"minecraft:interact_with_anvil":4,"minecraft:mob_kills":152,"minecraft:damage_dealt_resisted":62,"minecraft:walk_one_cm":2017159,"minecraft:damage_dealt_absorbed":92,"minecraft:sneak_time":9154,"minecraft:walk_under_water_one_cm":98171,"minecraft:total_world_time":543884,"minecraft:interact_with_stonecutter":6,"minecraft:interact_with_grindstone":6,"tombstone:pray_on_grave":1,"minecraft:time_since_rest":2761,"minecraft:damage_taken":5354,"minecraft:damage_absorbed":40,"minecraft:swim_one_cm":144067,"minecraft:fly_one_cm":996264,"minecraft:open_chest":205,"minecraft:fall_one_cm":82022},"minecraft:mined":{"minecraft:spruce_planks":1,"minecraft:farmland":2,"minecraft:obsidian":4,"minecraft:granite":1,"minecraft:grass_block":305,"minecraft:spawner":1,"minecraft:tall_seagrass":5,"minecraft:iron_ore":91,"farmersdelight:rice":11,"minecraft:fire":2,"minecraft:barrel":1,"minecraft:pumpkin":7,"minecraft:deepslate_lapis_ore":4,"minecraft:anvil":1,"minecraft:dirt_path":10,"farmersdelight:rice_panicles":15,"minecraft:spruce_slab":5,"farmersdelight:wild_potatoes":12,"minecraft:deepslate_redstone_ore":3,"minecraft:brown_mushroom":2,"minecraft:kelp_plant":23,"minecraft:melon_stem":1,"minecraft:smoker":3,"minecraft:clay":10,"minecraft:torch":15,"minecraft:poppy":2,"minecraft:melon":1,"minecraft:cobblestone":2,"minecraft:sugar_cane":17,"minecraft:oak_planks":6,"minecraft:wall_torch":10,"minecraft:birch_sapling":1,"minecraft:seagrass":1,"farmersdelight:cutting_board":1,"minecraft:wheat":11,"minecraft:magenta_bed":1,"minecraft:pumpkin_stem":1,"quark:glow_shroom":5,"minecraft:grass":20,"minecraft:sand":396,"minecraft:dirt":141,"minecraft:oak_leaves":4,"minecraft:deepslate":60,"minecraft:tuff":4,"quark:shale":5,"minecraft:deepslate_diamond_ore":10,"farmersdelight:wild_carrots":7,"minecraft:glow_lichen":8,"minecraft:spruce_fence":1,"minecraft:spruce_leaves":17,"minecraft:kelp":10,"minecraft:redstone_ore":4,"minecraft:spruce_sapling":2,"minecraft:furnace":4,"minecraft:carrots":7,"minecraft:snow":92,"minecraft:andesite":4,"treechop:chopped_log":20,"minecraft:polished_deepslate":1,"minecraft:bookshelf":11,"minecraft:deepslate_iron_ore":54,"minecraft:rail":1,"minecraft:packed_ice":2,"minecraft:stone":77,"sophisticatedbackpacks:backpack":1,"farmersdelight:cooking_pot":1,"minecraft:dandelion":1,"minecraft:spruce_door":1,"minecraft:crafting_table":5,"minecraft:campfire":1,"minecraft:lectern":4,"minecraft:copper_ore":29,"minecraft:deepslate_gold_ore":22,"minecraft:diorite":3,"minecraft:sweet_berry_bush":4,"minecraft:ice":13,"minecraft:spruce_log":6,"minecraft:birch_leaves":1,"minecraft:white_wall_banner":1,"minecraft:coal_ore":93,"quark:spruce_chest":1,"farmersdelight:stove":1,"minecraft:cobweb":17,"minecraft:gold_ore":10,"minecraft:fern":9},"minecraft:crafted":{"minecraft:brick":40,"minecraft:oak_planks":4,"farmersdelight:dumplings":6,"minecraft:cobblestone_slab":6,"minecraft:cut_sandstone":32,"minecraft:cooked_chicken":4,"minecraft:stone":7,"sophisticatedbackpacks:crafting_upgrade":1,"minecraft:spruce_pressure_plate":2,"minecraft:cooked_mutton":8,"sophisticatedbackpacks:smelting_upgrade":1,"minecraft:glass":32,"sophisticatedbackpacks:copper_backpack":1,"minecraft:bow":3,"minecraft:iron_boots":1,"farmersdelight:bacon_sandwich":21,"minecraft:melon_seeds":1,"farmersdelight:tomato_sauce":45,"minecraft:copper_block":8,"minecraft:bricks":4,"minecraft:stone_hoe":3,"farmersdelight:kelp_roll":9,"minecraft:smoker":1,"farmersdelight:stove":2,"farmersdelight:tomato_seeds":35,"farmersdelight:cooked_salmon_slice":4,"minecraft:wooden_shovel":4,"sophisticatedbackpacks:backpack":3,"minecraft:cooked_porkchop":8,"minecraft:crafting_table":1,"minecraft:spruce_planks":256,"farmersdelight:iron_knife":1,"minecraft:iron_helmet":1,"minecraft:baked_potato":40,"minecraft:wooden_pickaxe":1,"farmersdelight:egg_sandwich":6,"minecraft:copper_ingot":132,"farmersdelight:smoked_ham":1,"minecraft:campfire":4,"farmersdelight:wheat_dough":3,"sophisticatedbackpacks:upgrade_base":3,"farmersdelight:skillet":1,"farmersdelight:beef_patty":11,"farmersdelight:cutting_board":1,"minecraft:spruce_trapdoor":2,"minecraft:iron_chestplate":1,"minecraft:book":4,"minecraft:diamond_pickaxe":1,"minecraft:paper":21,"minecraft:shield":1,"minecraft:stick":68,"minecraft:iron_ingot":128,"minecraft:iron_pickaxe":4,"quark:seed_pouch":1,"minecraft:stone_sword":1,"minecraft:gold_ingot":32,"farmersdelight:cooked_bacon":7,"minecraft:sandstone":32,"minecraft:shears":1,"tombstone:decorative_subaraki_grave":1,"minecraft:stone_shovel":3,"minecraft:cut_copper_stairs":12,"minecraft:furnace":4,"sophisticatedbackpacks:stack_upgrade_starter_tier":1,"minecraft:bone_meal":177,"minecraft:leather":37,"minecraft:polished_deepslate":36,"farmersdelight:carrot_crate":8,"minecraft:iron_axe":1,"farmersdelight:cabbage_rolls":9,"minecraft:spruce_slab":18,"minecraft:stone_pickaxe":1,"farmersdelight:rice":1,"quark:spruce_chest":4,"sophisticatedbackpacks:iron_backpack":1,"minecraft:cooked_beef":6,"minecraft:sugar":14,"minecraft:diamond_sword":1,"alexsmobs:cooked_lobster_tail":1,"minecraft:enchanting_table":1,"minecraft:iron_sword":2,"minecraft:bowl":36,"minecraft:cooked_salmon":2,"tombstone:ankh_of_pray":1,"farmersdelight:cooking_pot":2,"sophisticatedbackpacks:gold_backpack":1,"minecraft:bucket":1,"farmersdelight:spruce_cabinet":1,"minecraft:stone_axe":1,"minecraft:bread":29,"minecraft:air":0,"farmersdelight:cooked_cod_slice":8,"tombstone:dark_marble":4,"minecraft:wooden_axe":1,"minecraft:iron_shovel":2,"minecraft:iron_leggings":1,"minecraft:stonecutter":1,"minecraft:white_bed":2,"minecraft:torch":76}},"DataVersion":3465}