{"stats":{"minecraft:used":{"minecraft:iron_shovel":500,"minecraft:polished_deepslate":23,"farmersdelight:cabbage_rolls":6,"minecraft:spruce_slab":12,"farmersdelight:cabbage_seeds":36,"minecraft:shield":51,"farmersdelight:stove":1,"farmersdelight:cabbage":1,"minecraft:iron_sword":225,"minecraft:farmland":1,"minecraft:iron_chestplate":1,"farmersdelight:cooked_cod_slice":3,"minecraft:carrot":59,"minecraft:snowball":1,"minecraft:grass_block":58,"minecraft:birch_sapling":1,"alexsmobs:cooked_lobster_tail":1,"farmersdelight:tomato_sauce":12,"farmersdelight:cutting_board":2,"minecraft:bow":18,"minecraft:sweet_berries":23,"minecraft:furnace":7,"minecraft:potato":49,"minecraft:diorite":1,"minecraft:spruce_door":1,"minecraft:stone_pickaxe":131,"minecraft:wooden_pickaxe":13,"minecraft:sandstone":18,"minecraft:sugar_cane":9,"farmersdelight:pumpkin_slice":3,"minecraft:golden_apple":1,"minecraft:sand":34,"farmersdelight:rice":21,"minecraft:shears":2,"minecraft:pumpkin_seeds":10,"minecraft:bread":7,"minecraft:lectern":4,"minecraft:gravel":4,"tombstone:decorative_subaraki_grave":2,"farmersdelight:spruce_cabinet":1,"minecraft:andesite":4,"minecraft:bone_meal":186,"minecraft:cobweb":4,"minecraft:enchanting_table":2,"minecraft:stone_sword":78,"minecraft:carved_pumpkin":1,"minecraft:stone_shovel":326,"minecraft:spruce_planks":1,"minecraft:wooden_shovel":242,"minecraft:cooked_salmon":1,"minecraft:cooked_chicken":4,"minecraft:stone_hoe":310,"quark:spruce_bookshelf":32,"minecraft:cut_copper_stairs":9,"minecraft:torch":152,"minecraft:dirt":307,"minecraft:anvil":1,"minecraft:spruce_fence":81,"farmersdelight:beef_patty":4,"minecraft:wooden_axe":27,"alexsmobs:maggot":3,"tombstone:ankh_of_pray":4,"quark:spruce_chest":4,"minecraft:iron_axe":143,"minecraft:melon_seeds":9,"farmersdelight:cooking_pot":2,"tombstone:gift":5,"minecraft:cooked_beef":7,"farmersdelight:tomato_seeds":44,"minecraft:cobbled_deepslate":5,"minecraft:pumpkin":4,"minecraft:wheat_seeds":47,"minecraft:cooked_mutton":8,"farmersdelight:iron_knife":22,"minecraft:water_bucket":32,"minecraft:dirt_path":43,"minecraft:baked_potato":26,"minecraft:stonecutter":1,"minecraft:spruce_fence_gate":3,"minecraft:cobblestone_slab":1,"minecraft:leather_boots":1,"farmersdelight:onion":2,"minecraft:rail":5,"minecraft:crafting_table":4,"minecraft:magenta_bed":1,"minecraft:white_bed":2,"minecraft:campfire":2,"minecraft:spruce_log":1,"minecraft:smoker":3,"tombstone:bag_of_seeds":1,"minecraft:diamond_pickaxe":4,"minecraft:apple":2,"quark:blossom_door":2,"minecraft:iron_pickaxe":344,"minecraft:spruce_sapling":26,"minecraft:stone_axe":77,"minecraft:cobblestone":9,"minecraft:cooked_porkchop":7,"minecraft:bucket":26,"alexsmobs:animal_dictionary":4},"minecraft:crafted":{"minecraft:brick":40,"minecraft:oak_planks":4,"minecraft:cobblestone_slab":6,"minecraft:cut_sandstone":32,"minecraft:cooked_chicken":4,"minecraft:stone":7,"sophisticatedbackpacks:crafting_upgrade":1,"minecraft:cooked_mutton":8,"minecraft:spruce_pressure_plate":2,"minecraft:glass":32,"sophisticatedbackpacks:copper_backpack":1,"minecraft:bow":3,"minecraft:iron_boots":1,"minecraft:melon_seeds":1,"farmersdelight:tomato_sauce":2,"minecraft:copper_block":8,"minecraft:bricks":4,"minecraft:stone_hoe":3,"minecraft:smoker":1,"farmersdelight:stove":1,"farmersdelight:tomato_seeds":35,"farmersdelight:cooked_salmon_slice":4,"minecraft:wooden_shovel":4,"sophisticatedbackpacks:backpack":2,"minecraft:cooked_porkchop":8,"minecraft:crafting_table":1,"minecraft:spruce_planks":236,"farmersdelight:iron_knife":1,"minecraft:iron_helmet":1,"minecraft:baked_potato":40,"minecraft:wooden_pickaxe":1,"minecraft:copper_ingot":132,"farmersdelight:smoked_ham":1,"minecraft:campfire":4,"sophisticatedbackpacks:upgrade_base":2,"farmersdelight:skillet":1,"farmersdelight:beef_patty":11,"farmersdelight:cutting_board":1,"minecraft:spruce_trapdoor":2,"minecraft:iron_chestplate":1,"minecraft:book":4,"minecraft:diamond_pickaxe":1,"minecraft:paper":21,"minecraft:shield":1,"minecraft:stick":68,"minecraft:iron_ingot":128,"minecraft:iron_pickaxe":4,"minecraft:stone_sword":1,"quark:seed_pouch":1,"farmersdelight:cooked_bacon":7,"minecraft:gold_ingot":32,"minecraft:sandstone":32,"minecraft:shears":1,"tombstone:decorative_subaraki_grave":1,"minecraft:stone_shovel":3,"minecraft:cut_copper_stairs":12,"minecraft:furnace":3,"sophisticatedbackpacks:stack_upgrade_starter_tier":1,"minecraft:bone_meal":168,"minecraft:polished_deepslate":36,"minecraft:iron_axe":1,"farmersdelight:cabbage_rolls":9,"minecraft:spruce_slab":12,"minecraft:stone_pickaxe":1,"farmersdelight:rice":1,"quark:spruce_chest":4,"sophisticatedbackpacks:iron_backpack":1,"minecraft:cooked_beef":6,"minecraft:sugar":2,"minecraft:diamond_sword":1,"alexsmobs:cooked_lobster_tail":1,"minecraft:enchanting_table":1,"minecraft:iron_sword":2,"minecraft:bowl":20,"minecraft:cooked_salmon":2,"tombstone:ankh_of_pray":1,"farmersdelight:cooking_pot":2,"sophisticatedbackpacks:gold_backpack":1,"minecraft:bucket":1,"farmersdelight:spruce_cabinet":1,"minecraft:stone_axe":1,"minecraft:bread":5,"minecraft:air":0,"farmersdelight:cooked_cod_slice":8,"tombstone:dark_marble":4,"minecraft:wooden_axe":1,"minecraft:iron_shovel":2,"minecraft:iron_leggings":1,"minecraft:stonecutter":1,"minecraft:white_bed":2,"minecraft:torch":76},"minecraft:mined":{"minecraft:spruce_planks":1,"minecraft:farmland":2,"minecraft:obsidian":4,"minecraft:granite":1,"minecraft:grass_block":303,"minecraft:spawner":1,"farmersdelight:rice":11,"minecraft:iron_ore":91,"minecraft:fire":2,"minecraft:barrel":1,"minecraft:pumpkin":7,"minecraft:deepslate_lapis_ore":4,"minecraft:anvil":1,"minecraft:dirt_path":10,"farmersdelight:rice_panicles":15,"minecraft:spruce_slab":5,"farmersdelight:wild_potatoes":12,"minecraft:deepslate_redstone_ore":3,"minecraft:brown_mushroom":2,"minecraft:melon_stem":1,"minecraft:smoker":3,"minecraft:clay":10,"minecraft:torch":14,"minecraft:poppy":2,"minecraft:melon":1,"minecraft:cobblestone":2,"minecraft:sugar_cane":11,"minecraft:oak_planks":6,"minecraft:wall_torch":10,"minecraft:birch_sapling":1,"farmersdelight:cutting_board":1,"minecraft:wheat":11,"minecraft:magenta_bed":1,"minecraft:pumpkin_stem":1,"quark:glow_shroom":5,"minecraft:grass":20,"minecraft:sand":396,"minecraft:dirt":136,"minecraft:oak_leaves":4,"minecraft:deepslate":60,"minecraft:tuff":4,"quark:shale":5,"minecraft:deepslate_diamond_ore":10,"farmersdelight:wild_carrots":7,"minecraft:glow_lichen":8,"minecraft:spruce_fence":1,"minecraft:spruce_leaves":17,"minecraft:redstone_ore":4,"minecraft:spruce_sapling":2,"minecraft:furnace":4,"minecraft:carrots":7,"minecraft:snow":92,"minecraft:andesite":4,"treechop:chopped_log":19,"minecraft:polished_deepslate":1,"minecraft:bookshelf":11,"minecraft:deepslate_iron_ore":54,"minecraft:rail":1,"minecraft:stone":77,"farmersdelight:cooking_pot":1,"minecraft:spruce_door":1,"minecraft:dandelion":1,"minecraft:crafting_table":5,"minecraft:lectern":4,"minecraft:campfire":1,"minecraft:copper_ore":29,"minecraft:deepslate_gold_ore":22,"minecraft:diorite":3,"minecraft:sweet_berry_bush":4,"minecraft:ice":13,"minecraft:spruce_log":6,"minecraft:birch_leaves":1,"minecraft:coal_ore":93,"quark:spruce_chest":1,"minecraft:cobweb":17,"minecraft:gold_ore":10,"minecraft:fern":9},"minecraft:picked_up":{"minecraft:wooden_axe":1,"minecraft:wheat":44,"minecraft:creeper_head":1,"minecraft:anvil":1,"farmersdelight:rice_panicle":8,"tombstone:grave_key":1,"minecraft:polished_deepslate":1,"farmersdelight:cutting_board":1,"minecraft:string":27,"minecraft:raw_copper":109,"minecraft:cooked_salmon":2,"quark:blossom_door":2,"minecraft:cobbled_deepslate":72,"farmersdelight:cabbage":28,"minecraft:spruce_planks":1,"minecraft:melon_slice":7,"farmersdelight:cabbage_seeds":59,"minecraft:furnace":4,"minecraft:stick":26,"farmersdelight:rotten_tomato":6,"minecraft:torch":43,"minecraft:porkchop":29,"tombstone:grave_dust":13,"minecraft:diorite":4,"minecraft:rotten_flesh":59,"farmersdelight:rope":13,"minecraft:cod":4,"minecraft:obsidian":4,"minecraft:snowball":118,"alexsmobs:lobster_tail":4,"minecraft:cobblestone":83,"minecraft:birch_log":2,"minecraft:feather":9,"farmersdelight:rice":19,"minecraft:andesite":12,"minecraft:brown_wool":1,"minecraft:smoker":3,"minecraft:potato":157,"farmersdelight:bacon":30,"minecraft:tuff":10,"minecraft:magenta_bed":1,"minecraft:lapis_lazuli":29,"farmersdelight:tomato":158,"minecraft:dirt":462,"minecraft:leather_boots":3,"minecraft:bone":14,"farmersdelight:iron_knife":1,"minecraft:bow":4,"minecraft:wheat_seeds":87,"minecraft:raw_gold":32,"farmersdelight:pumpkin_slice":12,"minecraft:oak_planks":7,"minecraft:cooked_porkchop":6,"quark:shale":1,"minecraft:sand":392,"farmersdelight:ham":1,"minecraft:barrel":1,"minecraft:bundle":1,"minecraft:diamond":10,"minecraft:spruce_boat":1,"minecraft:granite":2,"minecraft:bone_meal":7,"minecraft:bread":5,"alexsmobs:maggot":3,"minecraft:oak_sapling":1,"minecraft:charcoal":2,"minecraft:crafting_table":5,"minecraft:chicken":6,"minecraft:clay_ball":40,"minecraft:brown_mushroom":3,"quark:spruce_chest":2,"farmersdelight:beef_patty":1,"minecraft:beef":27,"farmersdelight:straw":7,"farmersdelight:cod_slice":8,"minecraft:poppy":2,"minecraft:spruce_slab":6,"minecraft:lectern":4,"minecraft:sugar_cane":32,"minecraft:birch_sapling":4,"minecraft:egg":1,"minecraft:raw_iron":144,"farmersdelight:minced_beef":22,"minecraft:bowl":6,"minecraft:spruce_fence":1,"minecraft:carrot":53,"minecraft:redstone":51,"minecraft:arrow":20,"minecraft:shears":1,"artifacts:cross_necklace":1,"minecraft:mutton":21,"minecraft:rail":5,"minecraft:bone_block":8,"minecraft:white_wool":13,"minecraft:salmon":4,"minecraft:leather":24,"minecraft:oak_log":1,"farmersdelight:salmon_slice":4,"minecraft:gunpowder":8,"farmersdelight:cooking_pot":1,"minecraft:apple":2,"quark:glow_shroom":6,"minecraft:iron_ingot":5,"minecraft:cooked_chicken":3,"minecraft:cobweb":4,"tombstone:bag_of_seeds":1,"minecraft:iron_sword":1,"minecraft:book":34,"minecraft:pumpkin":11,"minecraft:sweet_berries":39,"minecraft:dandelion":5,"minecraft:gravel":39,"tombstone:decorative_subaraki_grave":1,"minecraft:spruce_sapling":51,"minecraft:spruce_log":137,"minecraft:spruce_door":1,"farmersdelight:cabbage_leaf":16,"minecraft:spider_eye":6,"minecraft:infested_stone_bricks":16,"minecraft:pumpkin_seeds":4,"minecraft:stone_axe":1,"tombstone:magic_scroll":1,"farmersdelight:cooked_salmon_slice":6,"minecraft:melon_seeds":8,"minecraft:coal":236},"minecraft:broken":{"minecraft:iron_shovel":2,"minecraft:wooden_shovel":4,"minecraft:stone_pickaxe":1,"minecraft:stone_axe":1,"minecraft:stone_shovel":2,"minecraft:stone_hoe":2,"minecraft:shield":1,"minecraft:iron_pickaxe":1},"minecraft:custom":{"minecraft:interact_with_crafting_table":71,"minecraft:open_barrel":4,"minecraft:leave_game":10,"minecraft:time_since_death":363996,"minecraft:sprint_one_cm":629236,"minecraft:damage_blocked_by_shield":2670,"minecraft:drop":61,"minecraft:play_time":418733,"minecraft:deaths":2,"minecraft:jump":4329,"minecraft:walk_on_water_one_cm":48622,"minecraft:enchant_item":5,"minecraft:interact_with_furnace":157,"minecraft:interact_with_loom":3,"minecraft:sleep_in_bed":9,"minecraft:damage_dealt":20443,"minecraft:crouch_one_cm":14461,"tombstone:undead_killed":62,"minecraft:interact_with_smoker":25,"minecraft:mob_kills":146,"minecraft:interact_with_anvil":4,"minecraft:damage_dealt_resisted":62,"minecraft:walk_one_cm":1799666,"minecraft:damage_dealt_absorbed":92,"minecraft:sneak_time":7600,"minecraft:walk_under_water_one_cm":58432,"minecraft:total_world_time":418733,"minecraft:interact_with_stonecutter":6,"tombstone:pray_on_grave":1,"minecraft:time_since_rest":41126,"minecraft:damage_taken":4574,"minecraft:damage_absorbed":40,"minecraft:swim_one_cm":87131,"minecraft:fly_one_cm":645783,"minecraft:open_chest":152,"minecraft:fall_one_cm":74154},"minecraft:killed":{"alexsmobs:lobster":12,"minecraft:cave_spider":3,"minecraft:spider":10,"minecraft:cod":4,"minecraft:skeleton":12,"alexsmobs:orca":1,"alexsmobs:banana_slug":1,"minecraft:chicken":6,"artifacts:mimic":1,"minecraft:pig":12,"minecraft:salmon":2,"minecraft:creeper":3,"minecraft:sheep":12,"minecraft:zombie":49,"minecraft:stray":1,"alexsmobs:fly":3,"minecraft:cow":11,"alexsmobs:tusklin":1,"minecraft:bat":1},"minecraft:dropped":{"farmersdelight:iron_knife":1,"minecraft:iron_sword":1,"minecraft:cooked_porkchop":6,"minecraft:snowball":3,"minecraft:bone_meal":1,"farmersdelight:cooked_salmon_slice":6,"minecraft:birch_log":2,"minecraft:gravel":19,"minecraft:cooked_chicken":3,"minecraft:cobbled_deepslate":23,"minecraft:rotten_flesh":5,"minecraft:gunpowder":3,"minecraft:melon_seeds":7,"minecraft:leather_boots":3,"farmersdelight:rope":13,"minecraft:bread":11,"minecraft:wheat_seeds":1,"minecraft:granite":2,"quark:spruce_chest":1,"minecraft:diorite":3,"minecraft:torch":9,"minecraft:wooden_axe":1,"minecraft:cooked_salmon":3,"minecraft:pumpkin":4,"minecraft:dandelion":2,"farmersdelight:rotten_tomato":5,"minecraft:sweet_berries":3,"minecraft:raw_copper":16,"minecraft:tuff":10,"sophisticatedbackpacks:backpack":1,"minecraft:andesite":8,"minecraft:oak_sapling":1,"minecraft:spider_eye":1,"minecraft:spruce_log":6,"artifacts:cross_necklace":1}},"DataVersion":3465}