{"stats":{"minecraft:crafted":{"quark:blossom_planks":104,"minecraft:crafting_table":2,"minecraft:spruce_planks":20,"minecraft:furnace":1,"minecraft:cooked_mutton":1,"minecraft:iron_chestplate":1,"minecraft:iron_axe":1,"minecraft:stick":4,"minecraft:iron_ingot":14,"minecraft:stone_pickaxe":1,"minecraft:wooden_axe":1,"quark:blossom_door":3},"minecraft:custom":{"minecraft:interact_with_furnace":22,"minecraft:interact_with_crafting_table":10,"minecraft:leave_game":1,"minecraft:time_since_death":25256,"minecraft:sleep_in_bed":4,"minecraft:climb_one_cm":64,"minecraft:time_since_rest":1310,"minecraft:sprint_one_cm":346787,"minecraft:damage_taken":2589,"minecraft:walk_one_cm":555343,"minecraft:drop":16,"minecraft:damage_dealt":375,"minecraft:fly_one_cm":89653,"minecraft:open_chest":16,"minecraft:crouch_one_cm":1621,"minecraft:play_time":125439,"minecraft:deaths":4,"minecraft:sneak_time":785,"minecraft:walk_under_water_one_cm":19356,"minecraft:boat_one_cm":143041,"minecraft:jump":1637,"minecraft:walk_on_water_one_cm":17256,"minecraft:total_world_time":125439,"minecraft:fall_one_cm":19395},"minecraft:picked_up":{"minecraft:feather":1,"minecraft:andesite":4,"minecraft:salmon":1,"minecraft:dirt":1,"minecraft:raw_copper":8,"minecraft:cooked_salmon":9,"minecraft:wheat_seeds":1,"minecraft:oak_planks":7,"minecraft:furnace":1,"quark:blue_blossom_sapling":2,"minecraft:stick":4,"minecraft:raw_iron":14,"minecraft:cooked_porkchop":6,"minecraft:pumpkin":2,"minecraft:sweet_berries":1,"minecraft:torch":4,"minecraft:sand":3,"quark:blossom_log":26,"minecraft:spruce_sapling":14,"minecraft:spruce_log":5,"minecraft:spruce_door":2,"quark:blossom_planks":53,"minecraft:spruce_boat":2,"minecraft:oak_sapling":1,"minecraft:coal":37,"minecraft:cobblestone":24},"minecraft:mined":{"minecraft:spruce_door":1,"minecraft:torch":1,"minecraft:spruce_leaves":1,"minecraft:oak_planks":2,"minecraft:wall_torch":1,"minecraft:large_fern":2,"minecraft:furnace":1,"minecraft:iron_ore":13,"minecraft:sweet_berry_bush":1,"minecraft:ice":2,"minecraft:andesite":1,"minecraft:pumpkin":2,"quark:blossom_planks":49,"treechop:chopped_log":1,"minecraft:coal_ore":34,"minecraft:packed_ice":12,"minecraft:stone":14},"minecraft:broken":{"minecraft:wooden_axe":1},"minecraft:dropped":{"quark:blossom_planks":12,"minecraft:cobblestone":4,"minecraft:golden_apple":1,"minecraft:cooked_salmon":1},"minecraft:used":{"minecraft:cooked_mutton":3,"minecraft:stone_pickaxe":71,"minecraft:oak_planks":3,"minecraft:cooked_salmon":10,"minecraft:cooked_chicken":1,"minecraft:torch":2,"minecraft:sand":3,"minecraft:crafting_table":2,"minecraft:spruce_boat":2,"minecraft:wooden_axe":55,"alexsmobs:maggot":2,"quark:blossom_door":2,"minecraft:iron_axe":15,"minecraft:sweet_berries":2,"minecraft:furnace":2,"minecraft:cooked_porkchop":6,"minecraft:andesite":2,"quark:blossom_planks":88,"tombstone:gift":2,"alexsmobs:animal_dictionary":3}},"DataVersion":3465}