{"stats":{"minecraft:crafted":{"minecraft:oak_planks":84,"minecraft:cooked_porkchop":2,"minecraft:crafting_table":1,"minecraft:wooden_pickaxe":1,"minecraft:cooked_chicken":2,"minecraft:bowl":4,"minecraft:furnace":1,"minecraft:cooked_salmon":5,"minecraft:stone_axe":1,"minecraft:cooked_mutton":2,"minecraft:air":0,"farmersdelight:cutting_board":1,"minecraft:iron_boots":1,"minecraft:iron_axe":1,"farmersdelight:cabbage_rolls":1,"minecraft:stick":10,"minecraft:stone_pickaxe":1,"minecraft:iron_ingot":10,"minecraft:iron_pickaxe":1,"farmersdelight:tomato_sauce":2,"minecraft:torch":8,"minecraft:stone_hoe":1},"minecraft:custom":{"minecraft:interact_with_furnace":27,"minecraft:mob_kills":9,"minecraft:interact_with_crafting_table":15,"minecraft:leave_game":1,"minecraft:time_since_death":16125,"minecraft:sleep_in_bed":3,"minecraft:time_since_rest":14565,"minecraft:sprint_one_cm":157311,"minecraft:damage_taken":3454,"minecraft:walk_one_cm":269721,"minecraft:drop":30,"minecraft:damage_dealt":1559,"minecraft:fly_one_cm":103817,"minecraft:open_chest":3,"minecraft:crouch_one_cm":975,"minecraft:play_time":75190,"tombstone:undead_killed":5,"minecraft:deaths":4,"minecraft:sneak_time":667,"minecraft:walk_under_water_one_cm":15415,"minecraft:jump":753,"minecraft:walk_on_water_one_cm":9740,"minecraft:total_world_time":75190,"minecraft:fall_one_cm":15351},"minecraft:picked_up":{"minecraft:stripped_oak_log":1,"minecraft:feather":4,"minecraft:chicken":2,"minecraft:andesite":2,"minecraft:brown_mushroom":3,"minecraft:oak_log":21,"farmersdelight:tomato":6,"farmersdelight:cutting_board":1,"minecraft:dirt":12,"minecraft:raw_copper":75,"minecraft:cooked_salmon":1,"minecraft:apple":1,"minecraft:bow":1,"minecraft:azalea":1,"minecraft:oak_planks":10,"minecraft:stick":4,"minecraft:raw_iron":12,"minecraft:pumpkin":8,"minecraft:sweet_berries":73,"minecraft:torch":3,"minecraft:gravel":1,"sophisticatedbackpacks:backpack":1,"tombstone:grave_dust":4,"minecraft:diorite":5,"quark:blossom_planks":1,"minecraft:mossy_cobblestone":2,"minecraft:rotten_flesh":9,"minecraft:granite":21,"minecraft:golden_apple":1,"minecraft:oak_sapling":3,"minecraft:coal":19,"minecraft:cobblestone":94},"minecraft:mined":{"minecraft:brown_mushroom":4,"minecraft:mossy_cobblestone":3,"minecraft:oak_fence":2,"minecraft:torch":2,"minecraft:granite":21,"minecraft:grass_block":2,"minecraft:copper_ore":8,"minecraft:cobblestone":5,"minecraft:spruce_leaves":2,"minecraft:oak_planks":13,"minecraft:diorite":5,"minecraft:large_fern":1,"minecraft:iron_ore":10,"farmersdelight:cutting_board":1,"minecraft:sweet_berry_bush":22,"minecraft:andesite":1,"quark:blossom_planks":6,"minecraft:pumpkin":8,"treechop:chopped_log":3,"minecraft:coal_ore":19,"minecraft:gravel":1,"minecraft:dirt":10,"minecraft:stone":87,"minecraft:fern":4},"minecraft:broken":{"minecraft:stone_pickaxe":1},"minecraft:dropped":{"minecraft:sweet_berries":30},"minecraft:used":{"minecraft:cooked_mutton":2,"minecraft:diorite":4,"farmersdelight:cabbage_rolls":1,"minecraft:stone_pickaxe":130,"minecraft:wooden_pickaxe":45,"minecraft:cooked_salmon":1,"minecraft:cooked_chicken":2,"minecraft:torch":10,"minecraft:golden_apple":1,"minecraft:dirt":11,"minecraft:crafting_table":1,"minecraft:apple":1,"minecraft:iron_axe":56,"minecraft:stone_axe":44,"farmersdelight:cutting_board":1,"minecraft:cobblestone":44,"minecraft:sweet_berries":81,"minecraft:furnace":1,"minecraft:cooked_porkchop":2,"alexsmobs:animal_dictionary":6},"minecraft:killed":{"minecraft:skeleton":1,"minecraft:zombie":4,"alexsmobs:blue_jay":1,"minecraft:chicken":2,"minecraft:enderman":1},"minecraft:killed_by":{"alexsmobs:cachalot_whale":1}},"DataVersion":3465}