{
  "mca:recipes/building_blocks/headstones": {
    "criteria": {
      "has_the_slanted_recipe": "2024-06-22 20:47:23 -0500"
    },
    "done": true
  },
  "farmersdelight:main/root": {
    "criteria": {
      "seeds": "2024-06-22 20:47:23 -0500"
    },
    "done": true
  },
  "watching:main/root": {
    "criteria": {
      "requirement": "2024-06-22 20:47:27 -0500"
    },
    "done": true
  },
  "minecraft:adventure/adventuring_time": {
    "criteria": {
      "minecraft:taiga": "2024-06-22 22:21:26 -0500",
      "minecraft:frozen_river": "2024-06-22 21:42:44 -0500",
      "quark:glimmering_weald": "2024-07-06 21:59:02 -0500",
      "minecraft:river": "2024-06-22 22:30:51 -0500",
      "minecraft:snowy_plains": "2024-06-22 21:25:16 -0500",
      "minecraft:snowy_taiga": "2024-06-22 20:53:54 -0500",
      "minecraft:forest": "2024-06-22 21:50:40 -0500",
      "minecraft:frozen_ocean": "2024-06-22 21:35:42 -0500",
      "minecraft:snowy_beach": "2024-06-22 20:47:27 -0500",
      "minecraft:plains": "2024-06-22 22:31:54 -0500"
    },
    "done": false
  },
  "tombstone:adventure/root": {
    "criteria": {
      "auto": "2024-06-22 20:47:27 -0500"
    },
    "done": true
  },
  "minecraft:husbandry/root": {
    "criteria": {
      "consumed_item": "2024-06-22 20:53:44 -0500"
    },
    "done": true
  },
  "alexsmobs:alexsmobs/root": {
    "criteria": {
      "useitem": "2024-06-22 20:53:44 -0500"
    },
    "done": true
  },
  "minecraft:story/root": {
    "criteria": {
      "crafting_table": "2024-06-22 20:54:31 -0500"
    },
    "done": true
  },
  "minecraft:adventure/root": {
    "criteria": {
      "killed_something": "2024-06-22 20:55:52 -0500"
    },
    "done": true
  },
  "watching:main/spotted_herobrine": {
    "criteria": {
      "requirement": "2024-06-22 20:56:47 -0500"
    },
    "done": true
  },
  "minecraft:husbandry/balanced_diet": {
    "criteria": {
      "cooked_porkchop": "2024-06-22 22:18:33 -0500",
      "cooked_mutton": "2024-06-22 22:15:53 -0500",
      "sweet_berries": "2024-07-06 22:59:42 -0500",
      "cooked_beef": "2024-06-22 21:00:16 -0500",
      "baked_potato": "2024-07-06 22:44:44 -0500",
      "bread": "2024-06-22 22:45:21 -0500",
      "rotten_flesh": "2024-06-22 21:35:17 -0500",
      "glow_berries": "2024-07-06 22:23:59 -0500",
      "salmon": "2024-06-22 21:38:23 -0500",
      "cooked_chicken": "2024-06-22 22:04:56 -0500",
      "cooked_salmon": "2024-06-22 21:39:31 -0500",
      "carrot": "2024-07-06 22:38:31 -0500"
    },
    "done": false
  },
  "watching:main/didnt_notice_herobrine": {
    "criteria": {
      "requirement": "2024-06-22 21:02:29 -0500"
    },
    "done": true
  },
  "minecraft:story/mine_stone": {
    "criteria": {
      "get_stone": "2024-06-22 21:06:08 -0500"
    },
    "done": true
  },
  "minecraft:story/upgrade_tools": {
    "criteria": {
      "stone_pickaxe": "2024-06-22 21:07:04 -0500"
    },
    "done": true
  },
  "minecraft:adventure/kill_all_mobs": {
    "criteria": {
      "minecraft:skeleton": "2024-06-22 21:10:04 -0500",
      "minecraft:spider": "2024-06-22 21:12:57 -0500",
      "minecraft:creeper": "2024-06-22 21:21:18 -0500",
      "minecraft:cave_spider": "2024-06-22 22:18:16 -0500",
      "minecraft:stray": "2024-06-22 22:43:57 -0500",
      "minecraft:zombie": "2024-06-22 21:09:23 -0500"
    },
    "done": false
  },
  "minecraft:adventure/kill_a_mob": {
    "criteria": {
      "minecraft:zombie": "2024-06-22 21:09:23 -0500"
    },
    "done": true
  },
  "minecraft:husbandry/tame_an_animal": {
    "criteria": {
      "tamed_animal": "2024-06-22 21:14:32 -0500"
    },
    "done": true
  },
  "mca:recipes/misc/needle_and_thread": {
    "criteria": {
      "has_item": "2024-06-22 21:20:26 -0500"
    },
    "done": true
  },
  "alexsmobs:alexsmobs/orcas_might": {
    "criteria": {
      "all_effects": "2024-06-22 21:46:48 -0500"
    },
    "done": true
  },
  "watching:main/survive/3_days": {
    "criteria": {
      "requirement": "2024-06-22 21:48:18 -0500"
    },
    "done": true
  },
  "watching:main/found_herobrine_structure": {
    "criteria": {
      "requirement": "2024-06-22 21:51:39 -0500"
    },
    "done": true
  },
  "mca:recipes/misc/comb": {
    "criteria": {
      "has_item": "2024-06-22 22:07:11 -0500"
    },
    "done": true
  },
  "mca:recipes/misc/whistle": {
    "criteria": {
      "has_item": "2024-06-22 22:07:11 -0500"
    },
    "done": true
  },
  "minecraft:story/smelt_iron": {
    "criteria": {
      "iron": "2024-06-22 22:07:11 -0500"
    },
    "done": true
  },
  "minecraft:story/iron_tools": {
    "criteria": {
      "iron_pickaxe": "2024-06-22 22:08:11 -0500"
    },
    "done": true
  },
  "tombstone:adventure/first_knowledge": {
    "criteria": {
      "coded_trigger": "2024-06-22 22:15:13 -0500"
    },
    "done": true
  },
  "tombstone:adventure/ashes_and_bones": {
    "criteria": {
      "coded_trigger": "2024-06-22 22:15:13 -0500"
    },
    "done": true
  },
  "minecraft:adventure/sleep_in_bed": {
    "criteria": {
      "slept_in_bed": "2024-06-22 22:26:20 -0500"
    },
    "done": true
  },
  "minecraft:story/obtain_armor": {
    "criteria": {
      "iron_chestplate": "2024-06-22 22:28:21 -0500"
    },
    "done": true
  },
  "minecraft:adventure/shoot_arrow": {
    "criteria": {
      "shot_arrow": "2024-06-22 22:42:09 -0500"
    },
    "done": true
  },
  "farmersdelight:main/harvest_straw": {
    "criteria": {
      "harvest_straw": "2024-07-06 22:33:26 -0500"
    },
    "done": true
  },
  "watching:main/survive/10_days": {
    "criteria": {
      "requirement": "2024-07-06 22:58:23 -0500"
    },
    "done": true
  },
  "alexscaves:alexscaves/root": {
    "criteria": {
      "underground_cabin": "2024-07-06 22:17:02 -0500"
    },
    "done": true
  },
  "mca:recipes/misc/family_tree": {
    "criteria": {
      "has_item": "2024-07-06 22:17:52 -0500"
    },
    "done": true
  },
  "artifacts:amateur_archaeologist": {
    "criteria": {
      "find_artifact": "2024-07-06 22:05:30 -0500"
    },
    "done": true
  },
  "minecraft:husbandry/plant_seed": {
    "criteria": {
      "wheat": "2024-07-06 23:11:41 -0500"
    },
    "done": true
  },
  "farmersdelight:main/craft_knife": {
    "criteria": {
      "iron_knife": "2024-07-06 21:52:59 -0500"
    },
    "done": true
  },
  "alexscaves:alexscaves/cave_tablet": {
    "criteria": {
      "cave_tablet": "2024-07-06 22:17:46 -0500"
    },
    "done": true
  },
  "tombstone:adventure/find_grave_dust": {
    "criteria": {
      "from_undead": "2024-07-06 22:20:12 -0500"
    },
    "done": true
  },
  "alexsmobs:alexsmobs/grizzly_bear": {
    "criteria": {
      "killed_by": "2024-07-06 22:40:08 -0500"
    },
    "done": true
  },
  "minecraft:story/mine_diamond": {
    "criteria": {
      "diamond": "2024-07-06 22:20:18 -0500"
    },
    "done": true
  },
  "mca:recipes/misc/rose_gold_dust": {
    "criteria": {
      "has_item": "2024-07-06 22:13:58 -0500"
    },
    "done": true
  },
  "farmersdelight:main/plant_all_crops": {
    "criteria": {
      "sweet_berries": "2024-07-06 22:59:42 -0500",
      "tomato": "2024-07-06 23:10:00 -0500",
      "potato": "2024-07-06 22:50:33 -0500",
      "wheat": "2024-07-06 23:11:41 -0500"
    },
    "done": false
  },
  "farmersdelight:main/use_cutting_board": {
    "criteria": {
      "cutting_board": "2024-07-06 21:53:01 -0500"
    },
    "done": true
  },
  "mca:recipes/misc/books": {
    "criteria": {
      "has_item": "2024-07-06 22:17:47 -0500"
    },
    "done": true
  },
  "farmersdelight:main/get_fd_seed": {
    "criteria": {
      "rice": "2024-07-06 22:33:26 -0500"
    },
    "done": true
  },
  "mca:recipes/misc/blueprint": {
    "criteria": {
      "has_item": "2024-07-06 22:17:47 -0500"
    },
    "done": true
  },
  "DataVersion": 3465
}