{
  "watching:main/root": {
    "criteria": {
      "requirement": "2024-06-22 21:15:27 -0500"
    },
    "done": true
  },
  "minecraft:adventure/sleep_in_bed": {
    "criteria": {
      "slept_in_bed": "2024-06-22 22:28:46 -0500"
    },
    "done": true
  },
  "minecraft:adventure/root": {
    "criteria": {
      "killed_something": "2024-06-22 21:44:16 -0500"
    },
    "done": true
  },
  "minecraft:adventure/kill_all_mobs": {
    "criteria": {
      "minecraft:skeleton": "2024-06-22 22:25:43 -0500",
      "minecraft:zombie": "2024-06-22 22:13:53 -0500"
    },
    "done": false
  },
  "mca:recipes/misc/family_tree": {
    "criteria": {
      "has_item": "2024-06-22 21:51:23 -0500"
    },
    "done": true
  },
  "mca:recipes/building_blocks/headstones": {
    "criteria": {
      "has_the_slanted_recipe": "2024-06-22 21:15:27 -0500"
    },
    "done": true
  },
  "watching:main/spotted_herobrine": {
    "criteria": {
      "requirement": "2024-06-22 21:18:46 -0500"
    },
    "done": true
  },
  "minecraft:adventure/kill_a_mob": {
    "criteria": {
      "minecraft:zombie": "2024-06-22 22:13:53 -0500"
    },
    "done": true
  },
  "minecraft:adventure/adventuring_time": {
    "criteria": {
      "minecraft:frozen_river": "2024-06-22 21:50:07 -0500",
      "minecraft:river": "2024-06-22 22:40:14 -0500",
      "minecraft:snowy_plains": "2024-06-22 21:27:56 -0500",
      "minecraft:snowy_taiga": "2024-06-22 21:15:28 -0500",
      "minecraft:forest": "2024-06-22 21:50:52 -0500",
      "minecraft:frozen_ocean": "2024-06-22 21:39:55 -0500",
      "minecraft:deep_frozen_ocean": "2024-06-22 21:43:35 -0500",
      "minecraft:snowy_beach": "2024-06-22 21:18:38 -0500",
      "minecraft:plains": "2024-06-22 22:28:22 -0500"
    },
    "done": false
  },
  "watching:main/didnt_notice_herobrine": {
    "criteria": {
      "requirement": "2024-06-22 21:24:05 -0500"
    },
    "done": true
  },
  "tombstone:adventure/cancel_ghostly_shape": {
    "criteria": {
      "coded_trigger": "2024-06-22 21:20:47 -0500"
    },
    "done": true
  },
  "minecraft:husbandry/balanced_diet": {
    "criteria": {
      "cooked_porkchop": "2024-06-22 22:48:21 -0500",
      "baked_potato": "2024-06-22 22:26:13 -0500",
      "bread": "2024-06-22 22:02:40 -0500",
      "cooked_salmon": "2024-06-22 21:46:58 -0500"
    },
    "done": false
  },
  "tombstone:recipes/from_grave_key": {
    "criteria": {
      "has_ingredient": "2024-06-22 21:38:29 -0500"
    },
    "done": true
  },
  "watching:main/survive/3_days": {
    "criteria": {
      "requirement": "2024-06-22 22:16:18 -0500"
    },
    "done": true
  },
  "tombstone:adventure/first_grave": {
    "criteria": {
      "coded_trigger": "2024-06-22 21:38:24 -0500"
    },
    "done": true
  },
  "minecraft:story/mine_stone": {
    "criteria": {
      "get_stone": "2024-06-22 22:03:26 -0500"
    },
    "done": true
  },
  "minecraft:husbandry/root": {
    "criteria": {
      "consumed_item": "2024-06-22 21:46:58 -0500"
    },
    "done": true
  },
  "farmersdelight:main/root": {
    "criteria": {
      "seeds": "2024-06-22 21:15:27 -0500"
    },
    "done": true
  },
  "minecraft:story/upgrade_tools": {
    "criteria": {
      "stone_pickaxe": "2024-06-22 22:04:07 -0500"
    },
    "done": true
  },
  "tombstone:adventure/root": {
    "criteria": {
      "auto": "2024-06-22 21:15:28 -0500"
    },
    "done": true
  },
  "minecraft:story/root": {
    "criteria": {
      "crafting_table": "2024-06-22 21:25:49 -0500"
    },
    "done": true
  },
  "DataVersion": 3465
}