{
  "watching:main/root": {
    "criteria": {
      "requirement": "2024-06-22 21:05:58 -0500"
    },
    "done": true
  },
  "mca:recipes/building_blocks/headstones": {
    "criteria": {
      "has_the_slanted_recipe": "2024-06-22 21:05:58 -0500"
    },
    "done": true
  },
  "farmersdelight:main/root": {
    "criteria": {
      "seeds": "2024-06-22 21:05:58 -0500"
    },
    "done": true
  },
  "minecraft:adventure/adventuring_time": {
    "criteria": {
      "minecraft:frozen_river": "2024-07-06 22:46:33 -0500",
      "quark:glimmering_weald": "2024-07-06 22:26:15 -0500",
      "minecraft:river": "2024-07-06 23:07:19 -0500",
      "minecraft:snowy_plains": "2024-07-06 22:23:57 -0500",
      "minecraft:snowy_taiga": "2024-06-22 21:16:39 -0500",
      "minecraft:forest": "2024-07-06 23:09:44 -0500",
      "minecraft:frozen_ocean": "2024-07-06 23:34:29 -0500",
      "minecraft:snowy_beach": "2024-06-22 21:05:59 -0500",
      "minecraft:plains": "2024-07-06 22:46:47 -0500"
    },
    "done": false
  },
  "tombstone:adventure/root": {
    "criteria": {
      "auto": "2024-06-22 21:05:59 -0500"
    },
    "done": true
  },
  "minecraft:husbandry/root": {
    "criteria": {
      "consumed_item": "2024-06-22 21:07:38 -0500"
    },
    "done": true
  },
  "alexsmobs:alexsmobs/root": {
    "criteria": {
      "useitem": "2024-06-22 21:07:38 -0500"
    },
    "done": true
  },
  "watching:main/didnt_notice_herobrine": {
    "criteria": {
      "requirement": "2024-06-22 21:09:03 -0500"
    },
    "done": true
  },
  "watching:main/spotted_herobrine": {
    "criteria": {
      "requirement": "2024-06-22 21:12:23 -0500"
    },
    "done": true
  },
  "tombstone:adventure/first_grave": {
    "criteria": {
      "coded_trigger": "2024-06-22 21:14:30 -0500"
    },
    "done": true
  },
  "tombstone:recipes/from_grave_key": {
    "criteria": {
      "has_ingredient": "2024-06-22 21:16:38 -0500"
    },
    "done": true
  },
  "minecraft:story/obtain_armor": {
    "criteria": {
      "iron_leggings": "2024-07-06 22:30:26 -0500"
    },
    "done": true
  },
  "minecraft:adventure/sleep_in_bed": {
    "criteria": {
      "slept_in_bed": "2024-07-06 22:30:56 -0500"
    },
    "done": true
  },
  "minecraft:adventure/root": {
    "criteria": {
      "killed_something": "2024-07-06 22:50:16 -0500"
    },
    "done": true
  },
  "minecraft:adventure/kill_all_mobs": {
    "criteria": {
      "minecraft:creeper": "2024-07-06 23:10:27 -0500",
      "minecraft:zombie": "2024-07-06 23:15:37 -0500"
    },
    "done": false
  },
  "mca:recipes/misc/comb": {
    "criteria": {
      "has_item": "2024-07-06 22:30:15 -0500"
    },
    "done": true
  },
  "minecraft:story/iron_tools": {
    "criteria": {
      "iron_pickaxe": "2024-07-06 22:31:24 -0500"
    },
    "done": true
  },
  "minecraft:adventure/kill_a_mob": {
    "criteria": {
      "minecraft:creeper": "2024-07-06 23:10:27 -0500"
    },
    "done": true
  },
  "watching:main/jumpscared": {
    "criteria": {
      "requirement": "2024-07-06 23:18:01 -0500"
    },
    "done": true
  },
  "mca:recipes/misc/needle_and_thread": {
    "criteria": {
      "has_item": "2024-07-06 22:30:15 -0500"
    },
    "done": true
  },
  "minecraft:husbandry/balanced_diet": {
    "criteria": {
      "cooked_porkchop": "2024-07-06 22:58:09 -0500",
      "sweet_berries": "2024-07-06 22:25:46 -0500",
      "baked_potato": "2024-07-06 22:43:34 -0500",
      "cooked_chicken": "2024-07-06 22:58:32 -0500",
      "cooked_salmon": "2024-07-06 23:25:27 -0500"
    },
    "done": false
  },
  "watching:main/survive/3_days": {
    "criteria": {
      "requirement": "2024-07-06 23:05:07 -0500"
    },
    "done": true
  },
  "minecraft:husbandry/bred_all_animals": {
    "criteria": {
      "minecraft:chicken": "2024-07-06 22:48:33 -0500"
    },
    "done": false
  },
  "minecraft:story/mine_stone": {
    "criteria": {
      "get_stone": "2024-07-06 22:24:20 -0500"
    },
    "done": true
  },
  "alexsmobs:alexsmobs/grizzly_bear": {
    "criteria": {
      "killed_by": "2024-07-06 22:38:21 -0500"
    },
    "done": true
  },
  "minecraft:story/mine_diamond": {
    "criteria": {
      "diamond": "2024-07-06 23:23:13 -0500"
    },
    "done": true
  },
  "minecraft:story/upgrade_tools": {
    "criteria": {
      "stone_pickaxe": "2024-07-06 22:24:31 -0500"
    },
    "done": true
  },
  "farmersdelight:main/plant_all_crops": {
    "criteria": {
      "sweet_berries": "2024-07-06 22:22:58 -0500"
    },
    "done": false
  },
  "minecraft:story/root": {
    "criteria": {
      "crafting_table": "2024-07-06 22:22:44 -0500"
    },
    "done": true
  },
  "mca:recipes/misc/whistle": {
    "criteria": {
      "has_item": "2024-07-06 22:30:15 -0500"
    },
    "done": true
  },
  "mca:recipes/misc/potions": {
    "criteria": {
      "has_item": "2024-07-06 22:39:55 -0500"
    },
    "done": true
  },
  "minecraft:husbandry/breed_an_animal": {
    "criteria": {
      "bred": "2024-07-06 22:48:33 -0500"
    },
    "done": true
  },
  "minecraft:story/smelt_iron": {
    "criteria": {
      "iron": "2024-07-06 22:30:15 -0500"
    },
    "done": true
  },
  "DataVersion": 3465
}