{
  "watching:main/root": {
    "criteria": {
      "requirement": "2024-06-23 01:48:25 +0000"
    },
    "done": true
  },
  "mca:recipes/building_blocks/headstones": {
    "criteria": {
      "has_the_slanted_recipe": "2024-06-23 01:48:25 +0000"
    },
    "done": true
  },
  "farmersdelight:main/root": {
    "criteria": {
      "seeds": "2024-06-23 01:48:25 +0000"
    },
    "done": true
  },
  "minecraft:adventure/adventuring_time": {
    "criteria": {
      "minecraft:frozen_river": "2024-07-07 03:01:49 +0000",
      "quark:glimmering_weald": "2024-07-07 02:58:58 +0000",
      "minecraft:snowy_plains": "2024-06-23 02:08:58 +0000",
      "minecraft:snowy_taiga": "2024-06-23 01:48:26 +0000",
      "minecraft:frozen_ocean": "2024-07-07 03:28:04 +0000",
      "minecraft:snowy_beach": "2024-06-23 01:52:34 +0000"
    },
    "done": false
  },
  "tombstone:adventure/root": {
    "criteria": {
      "auto": "2024-06-23 01:48:26 +0000"
    },
    "done": true
  },
  "minecraft:story/root": {
    "criteria": {
      "crafting_table": "2024-06-23 01:52:30 +0000"
    },
    "done": true
  },
  "watching:main/spotted_herobrine": {
    "criteria": {
      "requirement": "2024-06-23 01:52:31 +0000"
    },
    "done": true
  },
  "minecraft:husbandry/root": {
    "criteria": {
      "consumed_item": "2024-06-23 01:55:01 +0000"
    },
    "done": true
  },
  "alexsmobs:alexsmobs/root": {
    "criteria": {
      "useitem": "2024-06-23 01:55:01 +0000"
    },
    "done": true
  },
  "minecraft:story/mine_stone": {
    "criteria": {
      "get_stone": "2024-06-23 01:55:32 +0000"
    },
    "done": true
  },
  "minecraft:story/upgrade_tools": {
    "criteria": {
      "stone_pickaxe": "2024-06-23 01:55:40 +0000"
    },
    "done": true
  },
  "minecraft:adventure/root": {
    "criteria": {
      "killed_something": "2024-06-23 01:58:59 +0000"
    },
    "done": true
  },
  "minecraft:adventure/kill_all_mobs": {
    "criteria": {
      "minecraft:pillager": "2024-07-07 04:22:39 +0000",
      "minecraft:spider": "2024-07-07 02:46:45 +0000",
      "minecraft:creeper": "2024-06-23 01:58:59 +0000",
      "minecraft:cave_spider": "2024-07-07 03:03:23 +0000",
      "minecraft:zombie": "2024-06-23 02:08:47 +0000"
    },
    "done": false
  },
  "minecraft:adventure/kill_a_mob": {
    "criteria": {
      "minecraft:creeper": "2024-06-23 01:58:59 +0000"
    },
    "done": true
  },
  "minecraft:husbandry/balanced_diet": {
    "criteria": {
      "cooked_porkchop": "2024-07-07 04:00:46 +0000",
      "sweet_berries": "2024-07-09 03:04:28 +0000",
      "cooked_beef": "2024-06-23 01:59:38 +0000",
      "baked_potato": "2024-07-07 03:42:59 +0000",
      "cooked_cod": "2024-07-07 04:17:10 +0000",
      "pufferfish": "2024-07-07 04:14:34 +0000",
      "bread": "2024-07-07 03:05:45 +0000",
      "rotten_flesh": "2024-06-23 01:59:22 +0000",
      "melon_slice": "2024-07-07 03:42:32 +0000",
      "cooked_chicken": "2024-06-23 02:02:54 +0000",
      "enchanted_golden_apple": "2024-07-09 03:11:28 +0000",
      "cooked_salmon": "2024-07-07 03:06:15 +0000",
      "carrot": "2024-07-07 02:59:27 +0000"
    },
    "done": false
  },
  "mca:recipes/misc/potions": {
    "criteria": {
      "has_item": "2024-06-23 02:02:16 +0000"
    },
    "done": true
  },
  "tombstone:adventure/first_grave": {
    "criteria": {
      "coded_trigger": "2024-06-23 02:04:30 +0000"
    },
    "done": true
  },
  "tombstone:recipes/from_grave_key": {
    "criteria": {
      "has_ingredient": "2024-06-23 02:04:31 +0000"
    },
    "done": true
  },
  "tombstone:adventure/cancel_ghostly_shape": {
    "criteria": {
      "coded_trigger": "2024-06-23 02:05:03 +0000"
    },
    "done": true
  },
  "tombstone:recipes/from_grave_dust": {
    "criteria": {
      "has_ingredient": "2024-06-23 02:05:10 +0000"
    },
    "done": true
  },
  "mca:recipes/misc/comb": {
    "criteria": {
      "has_item": "2024-06-23 02:06:57 +0000"
    },
    "done": true
  },
  "mca:recipes/misc/needle_and_thread": {
    "criteria": {
      "has_item": "2024-06-23 02:06:57 +0000"
    },
    "done": true
  },
  "mca:recipes/misc/whistle": {
    "criteria": {
      "has_item": "2024-06-23 02:06:57 +0000"
    },
    "done": true
  },
  "minecraft:story/smelt_iron": {
    "criteria": {
      "iron": "2024-06-23 02:06:57 +0000"
    },
    "done": true
  },
  "minecraft:story/obtain_armor": {
    "criteria": {
      "iron_chestplate": "2024-06-23 02:10:14 +0000"
    },
    "done": true
  },
  "minecraft:story/iron_tools": {
    "criteria": {
      "iron_pickaxe": "2024-06-23 03:35:35 +0000"
    },
    "done": true
  },
  "mca:recipes/misc/rose_gold_dust": {
    "criteria": {
      "has_item": "2024-07-07 03:00:10 +0000"
    },
    "done": true
  },
  "artifacts:amateur_archaeologist": {
    "criteria": {
      "find_artifact": "2024-07-07 03:05:42 +0000"
    },
    "done": true
  },
  "minecraft:story/lava_bucket": {
    "criteria": {
      "lava_bucket": "2024-07-07 03:07:29 +0000"
    },
    "done": true
  },
  "watching:main/survive/3_days": {
    "criteria": {
      "requirement": "2024-07-07 03:12:51 +0000"
    },
    "done": true
  },
  "minecraft:story/mine_diamond": {
    "criteria": {
      "diamond": "2024-07-07 03:16:59 +0000"
    },
    "done": true
  },
  "watching:main/ghost_miner": {
    "criteria": {
      "requirement": "2024-07-07 03:20:38 +0000"
    },
    "done": true
  },
  "tombstone:adventure/first_knowledge": {
    "criteria": {
      "coded_trigger": "2024-07-07 03:22:59 +0000"
    },
    "done": true
  },
  "tombstone:adventure/ashes_and_bones": {
    "criteria": {
      "coded_trigger": "2024-07-07 03:22:59 +0000"
    },
    "done": true
  },
  "minecraft:adventure/sleep_in_bed": {
    "criteria": {
      "slept_in_bed": "2024-07-07 03:30:57 +0000"
    },
    "done": true
  },
  "alexsmobs:alexsmobs/grizzly_bear": {
    "criteria": {
      "killed_by": "2024-07-07 03:40:03 +0000"
    },
    "done": true
  },
  "alexsmobs:alexsmobs/seagull_steal": {
    "criteria": {
      "ex": "2024-07-07 03:46:19 +0000"
    },
    "done": true
  },
  "farmersdelight:main/get_fd_seed": {
    "criteria": {
      "tomato_seeds": "2024-07-07 03:50:08 +0000"
    },
    "done": true
  },
  "farmersdelight:main/plant_all_crops": {
    "criteria": {
      "sweet_berries": "2024-07-07 03:59:42 +0000",
      "tomato": "2024-07-07 03:50:13 +0000",
      "potato": "2024-07-07 04:20:53 +0000",
      "wheat": "2024-07-07 04:20:58 +0000",
      "carrot": "2024-07-09 03:22:40 +0000"
    },
    "done": false
  },
  "minecraft:husbandry/fishy_business": {
    "criteria": {
      "cod": "2024-07-07 04:04:48 +0000"
    },
    "done": true
  },
  "minecraft:husbandry/plant_seed": {
    "criteria": {
      "wheat": "2024-07-07 04:20:58 +0000"
    },
    "done": true
  },
  "minecraft:adventure/voluntary_exile": {
    "criteria": {
      "voluntary_exile": "2024-07-07 04:22:39 +0000"
    },
    "done": true
  },
  "tombstone:adventure/ambush": {
    "criteria": {
      "coded_trigger": "2024-07-07 04:22:39 +0000"
    },
    "done": true
  },
  "minecraft:adventure/ol_betsy": {
    "criteria": {
      "shot_crossbow": "2024-07-07 04:26:25 +0000"
    },
    "done": true
  },
  "vanillatweaks:root": {
    "criteria": {
      "tick": "2024-07-09 02:50:24 +0000"
    },
    "done": true
  },
  "vanillatweaks:back": {
    "criteria": {
      "tick": "2024-07-09 02:50:24 +0000"
    },
    "done": true
  },
  "vanillatweaks:player_head_drops": {
    "criteria": {
      "tick": "2024-07-09 02:50:24 +0000"
    },
    "done": true
  },
  "farmersdelight:main/place_skillet": {
    "criteria": {
      "skillet": "2024-07-09 03:08:26 +0000"
    },
    "done": true
  },
  "craftable_notch_apples:recipes/building_blocks/craftable_notch_apples/notch_apple": {
    "criteria": {
      "has_apple": "2024-07-09 02:50:24 +0000",
      "has_block": "2024-07-09 02:50:24 +0000"
    },
    "done": true
  },
  "armor_statues:enable": {
    "criteria": {
      "tick": "2024-07-09 02:50:24 +0000"
    },
    "done": true
  },
  "watching:main/didnt_notice_herobrine": {
    "criteria": {
      "requirement": "2024-07-09 03:14:49 +0000"
    },
    "done": true
  },
  "quark:get_all_blossom_saplings": {
    "criteria": {
      "blue": "2024-07-09 03:03:44 +0000"
    },
    "done": false
  },
  "vanillatweaks:armor_statues": {
    "criteria": {
      "tick": "2024-07-09 02:50:24 +0000"
    },
    "done": true
  },
  "sandstone_dyeing:recipes/building_blocks/red_sandstone": {
    "criteria": {
      "has_dye": "2024-07-09 02:50:24 +0000",
      "has_block": "2024-07-09 02:50:24 +0000"
    },
    "done": true
  },
  "vanillatweaks:xp_management": {
    "criteria": {
      "tick": "2024-07-09 02:50:24 +0000"
    },
    "done": true
  },
  "sandstone_dyeing:recipes/building_blocks/red_sand": {
    "criteria": {
      "has_dye": "2024-07-09 02:50:24 +0000",
      "has_block": "2024-07-09 02:50:24 +0000"
    },
    "done": true
  },
  "vanillatweaks:tpa": {
    "criteria": {
      "tick": "2024-07-09 02:50:24 +0000"
    },
    "done": true
  },
  "vanillatweaks:more_mob_heads": {
    "criteria": {
      "tick": "2024-07-09 02:50:24 +0000"
    },
    "done": true
  },
  "vanillatweaks:elevators": {
    "criteria": {
      "tick": "2024-07-09 02:50:24 +0000"
    },
    "done": true
  },
  "vanillatweaks:homes": {
    "criteria": {
      "tick": "2024-07-09 02:50:24 +0000"
    },
    "done": true
  },
  "sandstone_dyeing:recipes/building_blocks/smooth_red_sandstone": {
    "criteria": {
      "has_dye": "2024-07-09 02:50:24 +0000",
      "has_block": "2024-07-09 02:50:24 +0000"
    },
    "done": true
  },
  "craftable_name_tags:recipes/building_blocks/craftable_name_tags/name_tag": {
    "criteria": {
      "has_string": "2024-07-09 02:50:24 +0000",
      "has_paper": "2024-07-09 02:50:24 +0000",
      "has_iron": "2024-07-09 02:50:24 +0000"
    },
    "done": true
  },
  "vanillatweaks:spawn": {
    "criteria": {
      "tick": "2024-07-09 02:50:24 +0000"
    },
    "done": true
  },
  "vanillatweaks:name_colors": {
    "criteria": {
      "tick": "2024-07-09 02:50:24 +0000"
    },
    "done": true
  },
  "tombstone:adventure/choose_knowledge": {
    "criteria": {
      "coded_trigger": "2024-07-09 03:20:02 +0000"
    },
    "done": true
  },
  "vanillatweaks:armored_elytra": {
    "criteria": {
      "tick": "2024-07-09 02:50:24 +0000"
    },
    "done": true
  },
  "DataVersion": 3465
}