{
  "vanillatweaks:root": {
    "criteria": {
      "tick": "2024-07-12 00:56:35 +0000"
    },
    "done": true
  },
  "watching:main/root": {
    "criteria": {
      "requirement": "2024-07-12 00:56:35 +0000"
    },
    "done": true
  },
  "vanillatweaks:back": {
    "criteria": {
      "tick": "2024-07-12 00:56:35 +0000"
    },
    "done": true
  },
  "vanillatweaks:player_head_drops": {
    "criteria": {
      "tick": "2024-07-12 00:56:35 +0000"
    },
    "done": true
  },
  "mca:recipes/building_blocks/headstones": {
    "criteria": {
      "has_the_slanted_recipe": "2024-07-12 00:56:35 +0000"
    },
    "done": true
  },
  "craftable_notch_apples:recipes/building_blocks/craftable_notch_apples/notch_apple": {
    "criteria": {
      "has_apple": "2024-07-12 00:56:35 +0000",
      "has_block": "2024-07-12 00:56:35 +0000"
    },
    "done": true
  },
  "armor_statues:enable": {
    "criteria": {
      "tick": "2024-07-12 00:56:35 +0000"
    },
    "done": true
  },
  "minecraft:adventure/adventuring_time": {
    "criteria": {
      "minecraft:snowy_beach": "2024-07-12 00:56:36 +0000"
    },
    "done": false
  },
  "vanillatweaks:armor_statues": {
    "criteria": {
      "tick": "2024-07-12 00:56:35 +0000"
    },
    "done": true
  },
  "sandstone_dyeing:recipes/building_blocks/red_sandstone": {
    "criteria": {
      "has_dye": "2024-07-12 00:56:35 +0000",
      "has_block": "2024-07-12 00:56:35 +0000"
    },
    "done": true
  },
  "farmersdelight:main/root": {
    "criteria": {
      "seeds": "2024-07-12 00:56:35 +0000"
    },
    "done": true
  },
  "vanillatweaks:xp_management": {
    "criteria": {
      "tick": "2024-07-12 00:56:35 +0000"
    },
    "done": true
  },
  "sandstone_dyeing:recipes/building_blocks/red_sand": {
    "criteria": {
      "has_dye": "2024-07-12 00:56:35 +0000",
      "has_block": "2024-07-12 00:56:35 +0000"
    },
    "done": true
  },
  "vanillatweaks:more_mob_heads": {
    "criteria": {
      "tick": "2024-07-12 00:56:35 +0000"
    },
    "done": true
  },
  "tombstone:adventure/root": {
    "criteria": {
      "auto": "2024-07-12 00:56:36 +0000"
    },
    "done": true
  },
  "vanillatweaks:elevators": {
    "criteria": {
      "tick": "2024-07-12 00:56:35 +0000"
    },
    "done": true
  },
  "vanillatweaks:homes": {
    "criteria": {
      "tick": "2024-07-12 00:56:35 +0000"
    },
    "done": true
  },
  "sandstone_dyeing:recipes/building_blocks/smooth_red_sandstone": {
    "criteria": {
      "has_dye": "2024-07-12 00:56:35 +0000",
      "has_block": "2024-07-12 00:56:35 +0000"
    },
    "done": true
  },
  "craftable_name_tags:recipes/building_blocks/craftable_name_tags/name_tag": {
    "criteria": {
      "has_string": "2024-07-12 00:56:35 +0000",
      "has_paper": "2024-07-12 00:56:35 +0000",
      "has_iron": "2024-07-12 00:56:35 +0000"
    },
    "done": true
  },
  "vanillatweaks:spawn": {
    "criteria": {
      "tick": "2024-07-12 00:56:35 +0000"
    },
    "done": true
  },
  "vanillatweaks:name_colors": {
    "criteria": {
      "tick": "2024-07-12 00:56:35 +0000"
    },
    "done": true
  },
  "vanillatweaks:armored_elytra": {
    "criteria": {
      "tick": "2024-07-12 00:56:35 +0000"
    },
    "done": true
  },
  "DataVersion": 3465
}