{
  "mca:recipes/building_blocks/headstones": {
    "criteria": {
      "has_the_slanted_recipe": "2024-06-21 23:26:33 +0000"
    },
    "done": true
  },
  "farmersdelight:main/root": {
    "criteria": {
      "seeds": "2024-06-21 23:26:33 +0000"
    },
    "done": true
  },
  "minecraft:adventure/adventuring_time": {
    "criteria": {
      "minecraft:old_growth_pine_taiga": "2024-06-24 03:50:02 +0000",
      "minecraft:taiga": "2024-06-23 03:11:40 +0000",
      "minecraft:frozen_river": "2024-06-23 02:39:11 +0000",
      "quark:glimmering_weald": "2024-07-07 02:58:58 +0000",
      "minecraft:river": "2024-06-23 03:29:40 +0000",
      "minecraft:snowy_plains": "2024-06-23 02:25:31 +0000",
      "minecraft:stony_shore": "2024-07-07 04:01:56 +0000",
      "minecraft:snowy_taiga": "2024-06-21 23:26:36 +0000",
      "minecraft:cold_ocean": "2024-07-09 03:01:43 +0000",
      "minecraft:forest": "2024-06-23 02:40:19 +0000",
      "minecraft:deep_cold_ocean": "2024-07-09 03:01:24 +0000",
      "minecraft:frozen_ocean": "2024-06-23 02:34:36 +0000",
      "minecraft:deep_frozen_ocean": "2024-07-09 03:01:16 +0000",
      "minecraft:old_growth_spruce_taiga": "2024-06-24 03:50:11 +0000",
      "minecraft:snowy_beach": "2024-06-21 23:32:10 +0000",
      "minecraft:plains": "2024-06-23 02:57:11 +0000"
    },
    "done": false
  },
  "tombstone:adventure/root": {
    "criteria": {
      "auto": "2024-06-21 23:26:36 +0000"
    },
    "done": true
  },
  "watching:main/root": {
    "criteria": {
      "requirement": "2024-06-21 23:31:23 +0000"
    },
    "done": true
  },
  "tombstone:adventure/choose_grave_type": {
    "criteria": {
      "coded_trigger": "2024-06-21 23:36:00 +0000"
    },
    "done": true
  },
  "minecraft:husbandry/balanced_diet": {
    "criteria": {
      "cooked_porkchop": "2024-06-23 03:47:33 +0000",
      "cooked_mutton": "2024-06-23 02:53:36 +0000",
      "sweet_berries": "2024-06-23 03:45:10 +0000",
      "cooked_beef": "2024-06-21 23:37:17 +0000",
      "baked_potato": "2024-07-07 03:43:50 +0000",
      "apple": "2024-06-23 03:10:40 +0000",
      "bread": "2024-06-23 03:14:16 +0000",
      "golden_apple": "2024-06-23 03:26:04 +0000",
      "cooked_chicken": "2024-06-23 02:51:12 +0000",
      "cooked_salmon": "2024-06-23 02:43:29 +0000"
    },
    "done": false
  },
  "minecraft:husbandry/root": {
    "criteria": {
      "consumed_item": "2024-06-21 23:37:17 +0000"
    },
    "done": true
  },
  "watching:main/spotted_herobrine": {
    "criteria": {
      "requirement": "2024-06-23 01:51:32 +0000"
    },
    "done": true
  },
  "minecraft:story/root": {
    "criteria": {
      "crafting_table": "2024-06-23 01:52:49 +0000"
    },
    "done": true
  },
  "minecraft:adventure/root": {
    "criteria": {
      "killed_something": "2024-06-23 01:53:33 +0000"
    },
    "done": true
  },
  "minecraft:adventure/kill_all_mobs": {
    "criteria": {
      "minecraft:skeleton": "2024-06-23 03:21:46 +0000",
      "minecraft:spider": "2024-06-23 02:38:35 +0000",
      "minecraft:creeper": "2024-06-23 01:55:35 +0000",
      "minecraft:cave_spider": "2024-06-23 03:01:46 +0000",
      "minecraft:stray": "2024-06-23 03:42:52 +0000",
      "minecraft:zombie": "2024-06-23 01:53:33 +0000"
    },
    "done": false
  },
  "minecraft:adventure/kill_a_mob": {
    "criteria": {
      "minecraft:zombie": "2024-06-23 01:53:33 +0000"
    },
    "done": true
  },
  "alexsmobs:alexsmobs/root": {
    "criteria": {
      "useitem": "2024-06-23 01:53:49 +0000"
    },
    "done": true
  },
  "minecraft:story/mine_stone": {
    "criteria": {
      "get_stone": "2024-06-23 01:56:33 +0000"
    },
    "done": true
  },
  "minecraft:story/upgrade_tools": {
    "criteria": {
      "stone_pickaxe": "2024-06-23 01:56:45 +0000"
    },
    "done": true
  },
  "watching:main/didnt_notice_herobrine": {
    "criteria": {
      "requirement": "2024-06-23 02:03:56 +0000"
    },
    "done": true
  },
  "tombstone:adventure/first_grave": {
    "criteria": {
      "coded_trigger": "2024-06-23 02:19:03 +0000"
    },
    "done": true
  },
  "tombstone:recipes/from_grave_key": {
    "criteria": {
      "has_ingredient": "2024-06-23 02:19:04 +0000"
    },
    "done": true
  },
  "tombstone:adventure/cancel_ghostly_shape": {
    "criteria": {
      "coded_trigger": "2024-06-23 02:37:31 +0000"
    },
    "done": true
  },
  "tombstone:adventure/first_knowledge": {
    "criteria": {
      "coded_trigger": "2024-06-23 02:37:31 +0000"
    },
    "done": true
  },
  "tombstone:recipes/from_grave_dust": {
    "criteria": {
      "has_ingredient": "2024-06-23 02:37:46 +0000"
    },
    "done": true
  },
  "alexsmobs:alexsmobs/orcas_might": {
    "criteria": {
      "all_effects": "2024-06-23 02:48:06 +0000"
    },
    "done": true
  },
  "watching:main/survive/3_days": {
    "criteria": {
      "requirement": "2024-06-23 02:51:52 +0000"
    },
    "done": true
  },
  "watching:main/found_herobrine_structure": {
    "criteria": {
      "requirement": "2024-06-23 02:52:30 +0000"
    },
    "done": true
  },
  "minecraft:adventure/sleep_in_bed": {
    "criteria": {
      "slept_in_bed": "2024-06-23 02:52:55 +0000"
    },
    "done": true
  },
  "mca:recipes/misc/family_tree": {
    "criteria": {
      "has_item": "2024-06-23 02:55:24 +0000"
    },
    "done": true
  },
  "tombstone:adventure/create_magic_tablet": {
    "criteria": {
      "has_magic_tablet": "2024-06-23 03:02:12 +0000"
    },
    "done": true
  },
  "mca:recipes/misc/comb": {
    "criteria": {
      "has_item": "2024-06-23 03:02:15 +0000"
    },
    "done": true
  },
  "mca:recipes/misc/needle_and_thread": {
    "criteria": {
      "has_item": "2024-06-23 03:02:15 +0000"
    },
    "done": true
  },
  "mca:recipes/misc/whistle": {
    "criteria": {
      "has_item": "2024-06-23 03:02:15 +0000"
    },
    "done": true
  },
  "minecraft:story/smelt_iron": {
    "criteria": {
      "iron": "2024-06-23 03:02:15 +0000"
    },
    "done": true
  },
  "farmersdelight:main/get_fd_seed": {
    "criteria": {
      "rice": "2024-06-23 03:02:16 +0000"
    },
    "done": true
  },
  "minecraft:story/mine_diamond": {
    "criteria": {
      "diamond": "2024-06-23 03:04:01 +0000"
    },
    "done": true
  },
  "tombstone:adventure/create_magic_scroll": {
    "criteria": {
      "has_magic_scroll": "2024-06-23 03:06:35 +0000"
    },
    "done": true
  },
  "minecraft:story/deflect_arrow": {
    "criteria": {
      "deflected_projectile": "2024-06-23 03:21:11 +0000"
    },
    "done": true
  },
  "minecraft:story/obtain_armor": {
    "criteria": {
      "iron_helmet": "2024-06-23 03:22:39 +0000"
    },
    "done": true
  },
  "minecraft:story/iron_tools": {
    "criteria": {
      "iron_pickaxe": "2024-06-23 03:25:27 +0000"
    },
    "done": true
  },
  "tombstone:adventure/ashes_and_bones": {
    "criteria": {
      "coded_trigger": "2024-06-23 03:25:57 +0000"
    },
    "done": true
  },
  "minecraft:adventure/shoot_arrow": {
    "criteria": {
      "shot_arrow": "2024-06-23 03:28:39 +0000"
    },
    "done": true
  },
  "mca:recipes/misc/rose_gold_dust": {
    "criteria": {
      "has_item": "2024-06-23 03:30:36 +0000"
    },
    "done": true
  },
  "farmersdelight:main/plant_all_crops": {
    "criteria": {
      "cabbage": "2024-06-23 03:55:08 +0000",
      "onion": "2024-07-08 06:42:33 +0000",
      "sweet_berries": "2024-06-23 03:47:23 +0000",
      "tomato": "2024-06-23 03:55:13 +0000",
      "rice": "2024-06-23 04:04:24 +0000",
      "sugar_cane": "2024-06-24 03:59:31 +0000",
      "potato": "2024-06-24 03:53:27 +0000",
      "wheat": "2024-06-23 03:55:17 +0000",
      "melon": "2024-06-24 03:25:57 +0000",
      "pumpkin": "2024-06-24 03:25:47 +0000",
      "carrot": "2024-07-07 03:36:24 +0000"
    },
    "done": false
  },
  "mca:recipes/misc/bouquet": {
    "criteria": {
      "has_item": "2024-06-23 03:53:02 +0000"
    },
    "done": true
  },
  "minecraft:husbandry/plant_seed": {
    "criteria": {
      "wheat": "2024-06-23 03:55:17 +0000"
    },
    "done": true
  },
  "farmersdelight:main/craft_knife": {
    "criteria": {
      "iron_knife": "2024-06-23 03:57:31 +0000"
    },
    "done": true
  },
  "farmersdelight:main/place_campfire": {
    "criteria": {
      "campfire": "2024-06-23 03:59:32 +0000"
    },
    "done": true
  },
  "farmersdelight:main/place_cooking_pot": {
    "criteria": {
      "cooking_pot": "2024-06-23 03:59:34 +0000"
    },
    "done": true
  },
  "watching:main/dog_growl": {
    "criteria": {
      "requirement": "2024-06-23 04:02:57 +0000"
    },
    "done": true
  },
  "farmersdelight:main/plant_rice": {
    "criteria": {
      "plant_rice": "2024-06-23 04:04:24 +0000"
    },
    "done": true
  },
  "farmersdelight:main/use_cutting_board": {
    "criteria": {
      "cutting_board": "2024-06-24 02:44:10 +0000"
    },
    "done": true
  },
  "tombstone:adventure/find_grave_dust": {
    "criteria": {
      "from_undead": "2024-06-24 02:48:39 +0000"
    },
    "done": true
  },
  "tombstone:adventure/choose_knowledge": {
    "criteria": {
      "coded_trigger": "2024-06-24 02:48:58 +0000"
    },
    "done": true
  },
  "farmersdelight:main/harvest_straw": {
    "criteria": {
      "harvest_straw": "2024-06-24 03:05:16 +0000"
    },
    "done": true
  },
  "farmersdelight:main/get_ham": {
    "criteria": {
      "ham": "2024-06-24 03:43:44 +0000"
    },
    "done": true
  },
  "alexsmobs:alexsmobs/seagull_steal": {
    "criteria": {
      "ex": "2024-06-24 03:44:13 +0000"
    },
    "done": true
  },
  "mca:recipes/misc/potions": {
    "criteria": {
      "has_item": "2024-06-24 03:47:04 +0000"
    },
    "done": true
  },
  "watching:main/survive/10_days": {
    "criteria": {
      "requirement": "2024-06-24 03:51:29 +0000"
    },
    "done": true
  },
  "alexsmobs:alexsmobs/banana_slug": {
    "criteria": {
      "killed": "2024-06-24 03:52:50 +0000"
    },
    "done": true
  },
  "artifacts:chest_slayer": {
    "criteria": {
      "kill_mimic": "2024-07-07 03:05:09 +0000"
    },
    "done": true
  },
  "artifacts:amateur_archaeologist": {
    "criteria": {
      "find_artifact": "2024-07-07 03:05:10 +0000"
    },
    "done": true
  },
  "minecraft:story/form_obsidian": {
    "criteria": {
      "obsidian": "2024-07-07 03:11:13 +0000"
    },
    "done": true
  },
  "minecraft:story/enchant_item": {
    "criteria": {
      "enchanted_item": "2024-07-07 03:29:06 +0000"
    },
    "done": true
  },
  "tombstone:adventure/use_knowledge": {
    "criteria": {
      "coded_trigger": "2024-07-07 03:47:10 +0000"
    },
    "done": true
  },
  "alexscaves:alexscaves/root": {
    "criteria": {
      "underground_cabin": "2024-07-07 04:03:45 +0000"
    },
    "done": true
  },
  "mca:root": {
    "criteria": {
      "village_snowy": "2024-07-07 04:10:23 +0000"
    },
    "done": true
  },
  "mca:recipes/misc/books": {
    "criteria": {
      "has_item": "2024-07-07 04:18:28 +0000"
    },
    "done": true
  },
  "mca:recipes/misc/blueprint": {
    "criteria": {
      "has_item": "2024-07-07 04:18:28 +0000"
    },
    "done": true
  },
  "tombstone:recipes/from_dark_marble": {
    "criteria": {
      "has_ingredient": "2024-07-07 04:21:52 +0000"
    },
    "done": true
  },
  "tombstone:adventure/create_grave_marble": {
    "criteria": {
      "has_grave_marble": "2024-07-07 04:21:52 +0000"
    },
    "done": true
  },
  "tombstone:adventure/bone_crusher": {
    "criteria": {
      "coded_trigger": "2024-07-07 04:31:27 +0000"
    },
    "done": true
  },
  "tombstone:adventure/create_decorative_grave": {
    "criteria": {
      "has_decorative_grave": "2024-07-07 04:33:54 +0000"
    },
    "done": true
  },
  "tombstone:recipes/from_decorative_grave": {
    "criteria": {
      "has_ingredient": "2024-07-07 04:33:54 +0000"
    },
    "done": true
  },
  "tombstone:adventure/first_pray": {
    "criteria": {
      "coded_trigger": "2024-07-07 04:34:28 +0000"
    },
    "done": true
  },
  "craftable_notch_apples:recipes/building_blocks/craftable_notch_apples/notch_apple": {
    "criteria": {
      "has_apple": "2024-07-08 06:31:24 +0000",
      "has_block": "2024-07-08 06:31:24 +0000"
    },
    "done": true
  },
  "sandstone_dyeing:recipes/building_blocks/red_sandstone": {
    "criteria": {
      "has_dye": "2024-07-08 06:31:24 +0000",
      "has_block": "2024-07-08 06:31:24 +0000"
    },
    "done": true
  },
  "sandstone_dyeing:recipes/building_blocks/red_sand": {
    "criteria": {
      "has_dye": "2024-07-08 06:31:24 +0000",
      "has_block": "2024-07-08 06:31:24 +0000"
    },
    "done": true
  },
  "sandstone_dyeing:recipes/building_blocks/smooth_red_sandstone": {
    "criteria": {
      "has_dye": "2024-07-08 06:31:24 +0000",
      "has_block": "2024-07-08 06:31:24 +0000"
    },
    "done": true
  },
  "craftable_name_tags:recipes/building_blocks/craftable_name_tags/name_tag": {
    "criteria": {
      "has_string": "2024-07-08 06:31:24 +0000",
      "has_paper": "2024-07-08 06:31:24 +0000",
      "has_iron": "2024-07-08 06:31:24 +0000"
    },
    "done": true
  },
  "universal_dyeing:recipes/building_blocks/universal_dyeing/candle": {
    "criteria": {
      "has_dye": "2024-07-08 06:41:42 +0000"
    },
    "done": false
  },
  "universal_dyeing:recipes/building_blocks/universal_dyeing/glazed_terracotta": {
    "criteria": {
      "has_dye": "2024-07-08 06:41:42 +0000"
    },
    "done": false
  },
  "universal_dyeing:recipes/building_blocks/universal_dyeing/stained_glass_pane": {
    "criteria": {
      "has_dye": "2024-07-08 06:41:42 +0000"
    },
    "done": false
  },
  "universal_dyeing:recipes/building_blocks/universal_dyeing/stained_glass": {
    "criteria": {
      "has_dye": "2024-07-08 06:41:42 +0000"
    },
    "done": false
  },
  "universal_dyeing:recipes/building_blocks/universal_dyeing/terracotta": {
    "criteria": {
      "has_dye": "2024-07-08 06:41:42 +0000"
    },
    "done": false
  },
  "universal_dyeing:recipes/building_blocks/universal_dyeing/concrete_powder": {
    "criteria": {
      "has_dye": "2024-07-08 06:41:42 +0000"
    },
    "done": false
  },
  "vanillatweaks:root": {
    "criteria": {
      "tick": "2024-07-09 02:11:56 +0000"
    },
    "done": true
  },
  "vanillatweaks:back": {
    "criteria": {
      "tick": "2024-07-09 02:11:56 +0000"
    },
    "done": true
  },
  "vanillatweaks:player_head_drops": {
    "criteria": {
      "tick": "2024-07-09 02:11:56 +0000"
    },
    "done": true
  },
  "armor_statues:enable": {
    "criteria": {
      "tick": "2024-07-09 02:11:56 +0000"
    },
    "done": true
  },
  "vanillatweaks:armor_statues": {
    "criteria": {
      "tick": "2024-07-09 02:11:56 +0000"
    },
    "done": true
  },
  "vanillatweaks:xp_management": {
    "criteria": {
      "tick": "2024-07-09 02:11:56 +0000"
    },
    "done": true
  },
  "vanillatweaks:tpa": {
    "criteria": {
      "tick": "2024-07-09 02:11:56 +0000"
    },
    "done": true
  },
  "vanillatweaks:more_mob_heads": {
    "criteria": {
      "tick": "2024-07-09 02:11:56 +0000"
    },
    "done": true
  },
  "vanillatweaks:elevators": {
    "criteria": {
      "tick": "2024-07-09 02:11:56 +0000"
    },
    "done": true
  },
  "vanillatweaks:homes": {
    "criteria": {
      "tick": "2024-07-09 02:11:56 +0000"
    },
    "done": true
  },
  "vanillatweaks:spawn": {
    "criteria": {
      "tick": "2024-07-09 02:11:56 +0000"
    },
    "done": true
  },
  "vanillatweaks:name_colors": {
    "criteria": {
      "tick": "2024-07-09 02:11:56 +0000"
    },
    "done": true
  },
  "vanillatweaks:armored_elytra": {
    "criteria": {
      "tick": "2024-07-09 02:11:56 +0000"
    },
    "done": true
  },
  "farmersdelight:main/place_skillet": {
    "criteria": {
      "skillet": "2024-07-09 02:13:40 +0000"
    },
    "done": true
  },
  "DataVersion": 3465
}