{
  "minecraft:story/obtain_armor": {
    "criteria": {
      "iron_chestplate": "2024-06-22 22:51:09 -0500"
    },
    "done": true
  },
  "watching:main/root": {
    "criteria": {
      "requirement": "2024-06-22 21:14:36 -0500"
    },
    "done": true
  },
  "minecraft:adventure/sleep_in_bed": {
    "criteria": {
      "slept_in_bed": "2024-06-22 21:52:57 -0500"
    },
    "done": true
  },
  "mca:recipes/misc/family_tree": {
    "criteria": {
      "has_item": "2024-06-22 21:54:26 -0500"
    },
    "done": true
  },
  "mca:recipes/building_blocks/headstones": {
    "criteria": {
      "has_the_slanted_recipe": "2024-06-22 21:14:35 -0500"
    },
    "done": true
  },
  "watching:main/spotted_herobrine": {
    "criteria": {
      "requirement": "2024-06-22 21:24:53 -0500"
    },
    "done": true
  },
  "mca:recipes/misc/comb": {
    "criteria": {
      "has_item": "2024-06-22 22:05:12 -0500"
    },
    "done": true
  },
  "minecraft:adventure/adventuring_time": {
    "criteria": {
      "minecraft:frozen_river": "2024-06-22 21:36:09 -0500",
      "minecraft:river": "2024-06-22 22:40:25 -0500",
      "minecraft:snowy_plains": "2024-06-22 21:25:25 -0500",
      "minecraft:snowy_taiga": "2024-06-22 21:20:40 -0500",
      "minecraft:forest": "2024-06-22 21:50:39 -0500",
      "minecraft:frozen_ocean": "2024-06-22 21:40:51 -0500",
      "minecraft:deep_frozen_ocean": "2024-06-22 22:55:00 -0500",
      "minecraft:snowy_beach": "2024-06-22 21:14:36 -0500"
    },
    "done": false
  },
  "watching:main/didnt_notice_herobrine": {
    "criteria": {
      "requirement": "2024-06-22 21:39:54 -0500"
    },
    "done": true
  },
  "quark:get_all_blossom_saplings": {
    "criteria": {
      "blue": "2024-06-22 21:26:51 -0500"
    },
    "done": false
  },
  "mca:recipes/misc/needle_and_thread": {
    "criteria": {
      "has_item": "2024-06-22 22:05:12 -0500"
    },
    "done": true
  },
  "minecraft:husbandry/balanced_diet": {
    "criteria": {
      "cooked_porkchop": "2024-06-22 22:19:22 -0500",
      "cooked_mutton": "2024-06-22 22:16:45 -0500",
      "sweet_berries": "2024-06-22 22:47:24 -0500",
      "cooked_chicken": "2024-06-22 22:28:33 -0500",
      "cooked_salmon": "2024-06-22 21:43:32 -0500"
    },
    "done": false
  },
  "tombstone:recipes/from_grave_key": {
    "criteria": {
      "has_ingredient": "2024-06-22 21:20:39 -0500"
    },
    "done": true
  },
  "watching:main/survive/3_days": {
    "criteria": {
      "requirement": "2024-06-22 22:15:27 -0500"
    },
    "done": true
  },
  "tombstone:adventure/first_grave": {
    "criteria": {
      "coded_trigger": "2024-06-22 21:20:12 -0500"
    },
    "done": true
  },
  "minecraft:story/mine_stone": {
    "criteria": {
      "get_stone": "2024-06-22 21:59:46 -0500"
    },
    "done": true
  },
  "tombstone:adventure/strong_or_careful": {
    "criteria": {
      "coded_trigger": "2024-06-22 22:33:22 -0500"
    },
    "done": true
  },
  "minecraft:husbandry/root": {
    "criteria": {
      "consumed_item": "2024-06-22 21:23:40 -0500"
    },
    "done": true
  },
  "farmersdelight:main/root": {
    "criteria": {
      "seeds": "2024-06-22 21:14:35 -0500"
    },
    "done": true
  },
  "tombstone:adventure/first_knowledge": {
    "criteria": {
      "coded_trigger": "2024-06-22 22:33:22 -0500"
    },
    "done": true
  },
  "minecraft:story/upgrade_tools": {
    "criteria": {
      "stone_pickaxe": "2024-06-22 22:00:16 -0500"
    },
    "done": true
  },
  "alexsmobs:alexsmobs/root": {
    "criteria": {
      "useitem": "2024-06-22 21:23:40 -0500"
    },
    "done": true
  },
  "tombstone:adventure/root": {
    "criteria": {
      "auto": "2024-06-22 21:14:36 -0500"
    },
    "done": true
  },
  "minecraft:story/root": {
    "criteria": {
      "crafting_table": "2024-06-22 21:59:23 -0500"
    },
    "done": true
  },
  "mca:recipes/misc/whistle": {
    "criteria": {
      "has_item": "2024-06-22 22:05:12 -0500"
    },
    "done": true
  },
  "minecraft:story/smelt_iron": {
    "criteria": {
      "iron": "2024-06-22 22:05:12 -0500"
    },
    "done": true
  },
  "DataVersion": 3465
}