{
  "mca:recipes/building_blocks/headstones": {
    "criteria": {
      "has_the_slanted_recipe": "2024-06-23 02:14:35 +0000"
    },
    "done": true
  },
  "farmersdelight:main/root": {
    "criteria": {
      "seeds": "2024-06-23 02:14:35 +0000"
    },
    "done": true
  },
  "watching:main/root": {
    "criteria": {
      "requirement": "2024-06-23 02:14:36 +0000"
    },
    "done": true
  },
  "minecraft:adventure/adventuring_time": {
    "criteria": {
      "minecraft:frozen_river": "2024-06-23 02:36:09 +0000",
      "minecraft:river": "2024-06-23 03:40:25 +0000",
      "minecraft:snowy_plains": "2024-06-23 02:25:25 +0000",
      "minecraft:snowy_taiga": "2024-06-23 02:20:40 +0000",
      "minecraft:forest": "2024-06-23 02:50:39 +0000",
      "minecraft:frozen_ocean": "2024-06-23 02:40:51 +0000",
      "minecraft:deep_frozen_ocean": "2024-06-23 03:55:00 +0000",
      "minecraft:snowy_beach": "2024-06-23 02:14:36 +0000"
    },
    "done": false
  },
  "tombstone:adventure/root": {
    "criteria": {
      "auto": "2024-06-23 02:14:36 +0000"
    },
    "done": true
  },
  "tombstone:adventure/first_grave": {
    "criteria": {
      "coded_trigger": "2024-06-23 02:20:12 +0000"
    },
    "done": true
  },
  "tombstone:recipes/from_grave_key": {
    "criteria": {
      "has_ingredient": "2024-06-23 02:20:39 +0000"
    },
    "done": true
  },
  "minecraft:husbandry/root": {
    "criteria": {
      "consumed_item": "2024-06-23 02:23:40 +0000"
    },
    "done": true
  },
  "alexsmobs:alexsmobs/root": {
    "criteria": {
      "useitem": "2024-06-23 02:23:40 +0000"
    },
    "done": true
  },
  "watching:main/spotted_herobrine": {
    "criteria": {
      "requirement": "2024-06-23 02:24:53 +0000"
    },
    "done": true
  },
  "quark:get_all_blossom_saplings": {
    "criteria": {
      "blue": "2024-06-23 02:26:51 +0000"
    },
    "done": false
  },
  "watching:main/didnt_notice_herobrine": {
    "criteria": {
      "requirement": "2024-06-23 02:39:54 +0000"
    },
    "done": true
  },
  "minecraft:husbandry/balanced_diet": {
    "criteria": {
      "cooked_porkchop": "2024-06-23 03:19:22 +0000",
      "cooked_mutton": "2024-06-23 03:16:45 +0000",
      "sweet_berries": "2024-06-23 03:47:24 +0000",
      "cooked_chicken": "2024-06-23 03:28:33 +0000",
      "cooked_salmon": "2024-06-23 02:43:32 +0000"
    },
    "done": false
  },
  "minecraft:adventure/sleep_in_bed": {
    "criteria": {
      "slept_in_bed": "2024-06-23 02:52:57 +0000"
    },
    "done": true
  },
  "mca:recipes/misc/family_tree": {
    "criteria": {
      "has_item": "2024-06-23 02:54:26 +0000"
    },
    "done": true
  },
  "minecraft:story/root": {
    "criteria": {
      "crafting_table": "2024-06-23 02:59:23 +0000"
    },
    "done": true
  },
  "minecraft:story/mine_stone": {
    "criteria": {
      "get_stone": "2024-06-23 02:59:46 +0000"
    },
    "done": true
  },
  "minecraft:story/upgrade_tools": {
    "criteria": {
      "stone_pickaxe": "2024-06-23 03:00:16 +0000"
    },
    "done": true
  },
  "mca:recipes/misc/comb": {
    "criteria": {
      "has_item": "2024-06-23 03:05:12 +0000"
    },
    "done": true
  },
  "mca:recipes/misc/needle_and_thread": {
    "criteria": {
      "has_item": "2024-06-23 03:05:12 +0000"
    },
    "done": true
  },
  "mca:recipes/misc/whistle": {
    "criteria": {
      "has_item": "2024-06-23 03:05:12 +0000"
    },
    "done": true
  },
  "minecraft:story/smelt_iron": {
    "criteria": {
      "iron": "2024-06-23 03:05:12 +0000"
    },
    "done": true
  },
  "watching:main/survive/3_days": {
    "criteria": {
      "requirement": "2024-06-23 03:15:27 +0000"
    },
    "done": true
  },
  "tombstone:adventure/strong_or_careful": {
    "criteria": {
      "coded_trigger": "2024-06-23 03:33:22 +0000"
    },
    "done": true
  },
  "tombstone:adventure/first_knowledge": {
    "criteria": {
      "coded_trigger": "2024-06-23 03:33:22 +0000"
    },
    "done": true
  },
  "minecraft:story/obtain_armor": {
    "criteria": {
      "iron_chestplate": "2024-06-23 03:51:09 +0000"
    },
    "done": true
  },
  "vanillatweaks:root": {
    "criteria": {
      "tick": "2024-07-14 02:55:12 +0000"
    },
    "done": true
  },
  "vanillatweaks:back": {
    "criteria": {
      "tick": "2024-07-14 02:55:12 +0000"
    },
    "done": true
  },
  "vanillatweaks:player_head_drops": {
    "criteria": {
      "tick": "2024-07-14 02:55:12 +0000"
    },
    "done": true
  },
  "craftable_notch_apples:recipes/building_blocks/craftable_notch_apples/notch_apple": {
    "criteria": {
      "has_apple": "2024-07-14 02:55:12 +0000",
      "has_block": "2024-07-14 02:55:12 +0000"
    },
    "done": true
  },
  "armor_statues:enable": {
    "criteria": {
      "tick": "2024-07-14 02:55:12 +0000"
    },
    "done": true
  },
  "vanillatweaks:armor_statues": {
    "criteria": {
      "tick": "2024-07-14 02:55:12 +0000"
    },
    "done": true
  },
  "sandstone_dyeing:recipes/building_blocks/red_sandstone": {
    "criteria": {
      "has_dye": "2024-07-14 02:55:12 +0000",
      "has_block": "2024-07-14 02:55:12 +0000"
    },
    "done": true
  },
  "vanillatweaks:xp_management": {
    "criteria": {
      "tick": "2024-07-14 02:55:12 +0000"
    },
    "done": true
  },
  "sandstone_dyeing:recipes/building_blocks/red_sand": {
    "criteria": {
      "has_dye": "2024-07-14 02:55:12 +0000",
      "has_block": "2024-07-14 02:55:12 +0000"
    },
    "done": true
  },
  "vanillatweaks:more_mob_heads": {
    "criteria": {
      "tick": "2024-07-14 02:55:12 +0000"
    },
    "done": true
  },
  "vanillatweaks:elevators": {
    "criteria": {
      "tick": "2024-07-14 02:55:12 +0000"
    },
    "done": true
  },
  "vanillatweaks:homes": {
    "criteria": {
      "tick": "2024-07-14 02:55:12 +0000"
    },
    "done": true
  },
  "sandstone_dyeing:recipes/building_blocks/smooth_red_sandstone": {
    "criteria": {
      "has_dye": "2024-07-14 02:55:12 +0000",
      "has_block": "2024-07-14 02:55:12 +0000"
    },
    "done": true
  },
  "craftable_name_tags:recipes/building_blocks/craftable_name_tags/name_tag": {
    "criteria": {
      "has_string": "2024-07-14 02:55:12 +0000",
      "has_paper": "2024-07-14 02:55:12 +0000",
      "has_iron": "2024-07-14 02:55:12 +0000"
    },
    "done": true
  },
  "vanillatweaks:spawn": {
    "criteria": {
      "tick": "2024-07-14 02:55:12 +0000"
    },
    "done": true
  },
  "vanillatweaks:name_colors": {
    "criteria": {
      "tick": "2024-07-14 02:55:12 +0000"
    },
    "done": true
  },
  "vanillatweaks:armored_elytra": {
    "criteria": {
      "tick": "2024-07-14 02:55:12 +0000"
    },
    "done": true
  },
  "DataVersion": 3465
}