{
  "minecraft:story/obtain_armor": {
    "criteria": {
      "iron_boots": "2024-06-22 22:48:12 -0500"
    },
    "done": true
  },
  "watching:main/root": {
    "criteria": {
      "requirement": "2024-06-22 21:59:10 -0500"
    },
    "done": true
  },
  "minecraft:adventure/sleep_in_bed": {
    "criteria": {
      "slept_in_bed": "2024-06-22 22:29:48 -0500"
    },
    "done": true
  },
  "minecraft:adventure/root": {
    "criteria": {
      "killed_something": "2024-06-22 22:07:05 -0500"
    },
    "done": true
  },
  "minecraft:adventure/kill_all_mobs": {
    "criteria": {
      "minecraft:skeleton": "2024-06-22 22:10:02 -0500",
      "minecraft:enderman": "2024-06-22 22:08:07 -0500",
      "minecraft:zombie": "2024-06-22 22:07:05 -0500"
    },
    "done": false
  },
  "mca:recipes/misc/family_tree": {
    "criteria": {
      "has_item": "2024-06-22 22:18:39 -0500"
    },
    "done": true
  },
  "mca:recipes/building_blocks/headstones": {
    "criteria": {
      "has_the_slanted_recipe": "2024-06-22 21:59:08 -0500"
    },
    "done": true
  },
  "watching:main/spotted_herobrine": {
    "criteria": {
      "requirement": "2024-06-22 22:09:47 -0500"
    },
    "done": true
  },
  "watching:main/dog_growl": {
    "criteria": {
      "requirement": "2024-06-22 23:02:57 -0500"
    },
    "done": true
  },
  "mca:recipes/misc/comb": {
    "criteria": {
      "has_item": "2024-06-22 22:13:01 -0500"
    },
    "done": true
  },
  "minecraft:story/iron_tools": {
    "criteria": {
      "iron_pickaxe": "2024-06-22 22:14:19 -0500"
    },
    "done": true
  },
  "minecraft:adventure/kill_a_mob": {
    "criteria": {
      "minecraft:zombie": "2024-06-22 22:07:05 -0500"
    },
    "done": true
  },
  "tombstone:recipes/from_grave_dust": {
    "criteria": {
      "has_ingredient": "2024-06-22 22:07:05 -0500"
    },
    "done": true
  },
  "minecraft:adventure/adventuring_time": {
    "criteria": {
      "minecraft:old_growth_pine_taiga": "2024-06-22 22:21:34 -0500",
      "minecraft:taiga": "2024-06-22 22:20:14 -0500",
      "minecraft:frozen_river": "2024-06-22 22:32:08 -0500",
      "minecraft:river": "2024-06-22 22:21:35 -0500",
      "minecraft:snowy_plains": "2024-06-22 22:34:34 -0500",
      "minecraft:snowy_taiga": "2024-06-22 21:59:10 -0500",
      "minecraft:forest": "2024-06-22 22:01:44 -0500",
      "minecraft:frozen_ocean": "2024-06-22 22:48:58 -0500",
      "minecraft:old_growth_spruce_taiga": "2024-06-22 22:21:38 -0500",
      "minecraft:snowy_beach": "2024-06-22 22:01:24 -0500",
      "minecraft:plains": "2024-06-22 22:28:26 -0500"
    },
    "done": false
  },
  "watching:main/didnt_notice_herobrine": {
    "criteria": {
      "requirement": "2024-06-22 22:43:22 -0500"
    },
    "done": true
  },
  "mca:recipes/misc/needle_and_thread": {
    "criteria": {
      "has_item": "2024-06-22 22:13:01 -0500"
    },
    "done": true
  },
  "tombstone:adventure/find_grave_dust": {
    "criteria": {
      "from_undead": "2024-06-22 22:07:05 -0500"
    },
    "done": true
  },
  "minecraft:husbandry/balanced_diet": {
    "criteria": {
      "cooked_porkchop": "2024-06-22 22:47:30 -0500",
      "cooked_mutton": "2024-06-22 22:16:14 -0500",
      "sweet_berries": "2024-06-22 22:23:34 -0500",
      "apple": "2024-06-22 22:23:29 -0500",
      "golden_apple": "2024-06-22 22:11:15 -0500",
      "cooked_chicken": "2024-06-22 22:54:51 -0500",
      "cooked_salmon": "2024-06-22 22:56:09 -0500"
    },
    "done": false
  },
  "tombstone:recipes/from_grave_key": {
    "criteria": {
      "has_ingredient": "2024-06-22 22:33:35 -0500"
    },
    "done": true
  },
  "watching:main/survive/3_days": {
    "criteria": {
      "requirement": "2024-06-22 23:01:14 -0500"
    },
    "done": true
  },
  "tombstone:adventure/first_grave": {
    "criteria": {
      "coded_trigger": "2024-06-22 22:33:34 -0500"
    },
    "done": true
  },
  "minecraft:story/mine_stone": {
    "criteria": {
      "get_stone": "2024-06-22 22:04:28 -0500"
    },
    "done": true
  },
  "minecraft:husbandry/root": {
    "criteria": {
      "consumed_item": "2024-06-22 22:02:43 -0500"
    },
    "done": true
  },
  "farmersdelight:main/root": {
    "criteria": {
      "seeds": "2024-06-22 21:59:08 -0500"
    },
    "done": true
  },
  "minecraft:story/upgrade_tools": {
    "criteria": {
      "stone_pickaxe": "2024-06-22 22:05:48 -0500"
    },
    "done": true
  },
  "alexsmobs:alexsmobs/root": {
    "criteria": {
      "useitem": "2024-06-22 22:02:43 -0500"
    },
    "done": true
  },
  "farmersdelight:main/plant_all_crops": {
    "criteria": {
      "sweet_berries": "2024-06-22 22:23:35 -0500"
    },
    "done": false
  },
  "tombstone:adventure/root": {
    "criteria": {
      "auto": "2024-06-22 21:59:10 -0500"
    },
    "done": true
  },
  "minecraft:story/root": {
    "criteria": {
      "crafting_table": "2024-06-22 22:54:15 -0500"
    },
    "done": true
  },
  "mca:recipes/misc/whistle": {
    "criteria": {
      "has_item": "2024-06-22 22:13:01 -0500"
    },
    "done": true
  },
  "minecraft:story/smelt_iron": {
    "criteria": {
      "iron": "2024-06-22 22:13:01 -0500"
    },
    "done": true
  },
  "DataVersion": 3465
}